symbol,div_type,atr,rr,trades,wr,total_r,avg_r
UBUSDT,REG_BEAR,1.0,2.0,12,41.7,2.1,0.175
0GUSDT,REG_BEAR,1.5,1.5,10,50.0,1.94,0.194
UBUSDT,REG_BEAR,1.0,3.0,12,41.7,7.1,0.592
0GUSDT,REG_BEAR,1.5,2.0,10,40.0,1.44,0.144
UBUSDT,REG_BEAR,1.0,4.0,12,41.7,12.1,1.009
UBUSDT,REG_BEAR,1.0,5.0,12,41.7,17.1,1.425
UBUSDT,REG_BEAR,1.0,6.0,11,36.4,16.18,1.471
UBUSDT,REG_BEAR,1.0,7.0,11,36.4,20.18,1.834
UBUSDT,REG_BEAR,1.0,8.0,11,36.4,24.18,2.198
UBUSDT,REG_BEAR,1.0,9.0,11,36.4,28.18,2.562
UBUSDT,REG_BEAR,1.0,10.0,11,36.4,32.18,2.925
UBUSDT,REG_BEAR,1.5,1.5,12,50.0,2.4,0.2
0GUSDT,REG_BEAR,2.0,1.5,10,50.0,2.08,0.208
UBUSDT,REG_BEAR,1.5,2.0,12,50.0,5.4,0.45
0GUSDT,REG_BEAR,2.0,2.0,10,40.0,1.58,0.158
UBUSDT,REG_BEAR,1.5,3.0,12,50.0,11.4,0.95
UBUSDT,REG_BEAR,1.5,4.0,11,45.5,13.45,1.223
UBUSDT,REG_BEAR,1.5,5.0,11,45.5,18.45,1.677
0GUSDT,REG_BEAR,2.0,5.0,10,20.0,1.58,0.158
0GUSDT,REG_BEAR,2.0,6.0,10,20.0,3.58,0.358
UBUSDT,REG_BEAR,1.5,6.0,11,36.4,16.45,1.496
0GUSDT,REG_BEAR,2.0,7.0,10,20.0,5.58,0.558
UBUSDT,REG_BEAR,1.5,7.0,11,36.4,20.45,1.859
0GUSDT,REG_BEAR,2.0,8.0,10,20.0,7.58,0.758
UBUSDT,REG_BEAR,1.5,8.0,11,36.4,24.45,2.223
0GUSDT,REG_BEAR,2.0,9.0,10,20.0,9.58,0.958
0GUSDT,REG_BEAR,2.0,10.0,10,20.0,11.58,1.158
UBUSDT,REG_BEAR,1.5,9.0,11,36.4,28.45,2.587
UBUSDT,REG_BEAR,1.5,10.0,11,36.4,32.45,2.95
AEROUSDT,REG_BULL,1.0,1.5,30,60.0,12.78,0.426
UBUSDT,REG_BEAR,2.0,1.5,12,50.0,2.55,0.213
AEROUSDT,REG_BULL,1.0,2.0,30,53.3,15.78,0.526
UBUSDT,REG_BEAR,2.0,2.0,12,50.0,5.55,0.463
UBUSDT,REG_BEAR,2.0,3.0,11,45.5,8.59,0.781
UBUSDT,REG_BEAR,2.0,4.0,11,36.4,8.59,0.781
AEROUSDT,REG_BULL,1.0,3.0,30,50.0,27.78,0.926
UBUSDT,REG_BEAR,2.0,5.0,11,36.4,12.59,1.144
AEROUSDT,REG_BULL,1.0,4.0,30,46.7,37.78,1.259
UBUSDT,REG_BEAR,2.0,6.0,11,36.4,16.59,1.508
UBUSDT,REG_BEAR,2.0,7.0,11,36.4,20.59,1.872
AEROUSDT,REG_BULL,1.0,5.0,30,43.3,45.78,1.526
UBUSDT,REG_BEAR,2.0,8.0,10,30.0,16.61,1.661
AEROUSDT,REG_BULL,1.0,6.0,30,40.0,51.78,1.726
AEROUSDT,REG_BULL,1.0,7.0,30,40.0,63.78,2.126
UBUSDT,HID_BULL,1.0,2.0,17,41.2,3.1,0.182
AEROUSDT,REG_BULL,1.0,8.0,30,40.0,75.78,2.526
UBUSDT,HID_BULL,1.0,4.0,17,29.4,7.1,0.418
AEROUSDT,REG_BULL,1.0,9.0,30,40.0,87.78,2.926
UBUSDT,HID_BULL,1.0,5.0,17,23.5,6.1,0.359
AEROUSDT,REG_BULL,1.0,10.0,30,40.0,99.78,3.326
UBUSDT,HID_BULL,1.0,6.0,17,23.5,10.1,0.594
AEROUSDT,REG_BULL,1.5,1.5,30,56.7,11.02,0.367
AEROUSDT,REG_BULL,1.5,2.0,30,53.3,16.52,0.551
AEROUSDT,REG_BULL,1.5,3.0,30,46.7,24.52,0.817
UBUSDT,HID_BULL,1.5,1.5,17,52.9,4.9,0.288
AEROUSDT,REG_BULL,1.5,4.0,30,46.7,38.52,1.284
UBUSDT,HID_BULL,1.5,2.0,17,47.1,6.4,0.376
AEROUSDT,REG_BULL,1.5,5.0,30,46.7,52.52,1.751
UBUSDT,HID_BULL,1.5,4.0,17,35.3,12.4,0.729
AEROUSDT,REG_BULL,1.5,6.0,30,46.7,66.52,2.217
UBUSDT,HID_BULL,1.5,5.0,17,23.5,6.4,0.376
AEROUSDT,REG_BULL,1.5,7.0,30,46.7,80.52,2.684
UBUSDT,HID_BULL,1.5,6.0,17,23.5,10.4,0.612
AEROUSDT,REG_BULL,1.5,8.0,30,46.7,94.52,3.151
UBUSDT,HID_BULL,1.5,7.0,17,23.5,14.4,0.847
UBUSDT,HID_BULL,1.5,8.0,17,23.5,18.4,1.082
AEROUSDT,REG_BULL,1.5,9.0,30,43.3,98.52,3.284
AEROUSDT,REG_BULL,1.5,10.0,30,43.3,111.52,3.717
UBUSDT,HID_BULL,2.0,1.5,17,47.1,2.55,0.15
AEROUSDT,REG_BULL,2.0,1.5,30,53.3,8.89,0.296
UBUSDT,HID_BULL,2.0,2.0,17,41.2,3.55,0.209
AEROUSDT,REG_BULL,2.0,2.0,30,50.0,13.89,0.463
UBUSDT,HID_BULL,2.0,4.0,17,29.4,7.55,0.444
AEROUSDT,REG_BULL,2.0,3.0,30,46.7,24.89,0.83
UBUSDT,HID_BULL,2.0,5.0,17,23.5,6.55,0.385
AEROUSDT,REG_BULL,2.0,4.0,30,46.7,38.89,1.296
UBUSDT,HID_BULL,2.0,6.0,17,23.5,10.55,0.621
AEROUSDT,REG_BULL,2.0,5.0,30,46.7,52.89,1.763
AEROUSDT,REG_BULL,2.0,6.0,30,46.7,66.89,2.23
AEROUSDT,REG_BULL,2.0,7.0,30,43.3,72.89,2.43
AEROUSDT,REG_BULL,2.0,8.0,30,43.3,85.89,2.863
AEROUSDT,REG_BULL,2.0,9.0,30,43.3,98.89,3.296
AEROUSDT,REG_BULL,2.0,10.0,30,40.0,100.89,3.363
AEROUSDT,REG_BEAR,1.0,4.0,37,29.7,14.78,0.399
AEROUSDT,REG_BEAR,1.0,5.0,37,29.7,25.78,0.697
PROMPTUSDT,REG_BULL,1.5,1.5,11,63.6,6.08,0.552
AEROUSDT,REG_BEAR,1.0,6.0,37,24.3,22.78,0.616
PROMPTUSDT,REG_BULL,1.5,2.0,11,45.5,3.58,0.325
AEROUSDT,REG_BEAR,1.0,7.0,37,24.3,31.78,0.859
PROMPTUSDT,REG_BULL,1.5,4.0,11,27.3,3.58,0.325
AEROUSDT,REG_BEAR,1.0,8.0,37,24.3,40.78,1.102
PROMPTUSDT,REG_BULL,2.0,1.5,11,54.5,3.68,0.335
SOONUSDT,REG_BEAR,2.0,1.5,15,46.7,2.03,0.135
PROMPTUSDT,REG_BULL,2.0,2.0,11,45.5,3.68,0.335
SOONUSDT,REG_BEAR,2.0,2.0,15,40.0,2.53,0.169
PROMPTUSDT,REG_BULL,2.0,4.0,11,36.4,8.68,0.789
AEROUSDT,REG_BEAR,1.5,4.0,37,27.0,10.85,0.293
AEROUSDT,REG_BEAR,1.5,5.0,37,27.0,20.85,0.564
AEROUSDT,REG_BEAR,1.5,6.0,37,21.6,16.85,0.455
COOKIEUSDT,REG_BULL,1.0,1.5,15,53.3,4.16,0.277
SOONUSDT,HID_BULL,1.0,4.0,24,29.2,9.51,0.396
AEROUSDT,REG_BEAR,2.0,4.0,37,27.0,11.39,0.308
SOONUSDT,HID_BULL,1.0,5.0,24,29.2,16.51,0.688
PROMPTUSDT,REG_BEAR,1.5,2.0,16,43.8,4.26,0.266
AEROUSDT,REG_BEAR,2.0,5.0,37,21.6,9.39,0.254
ACXUSDT,REG_BULL,1.0,2.0,12,41.7,1.79,0.149
SOONUSDT,HID_BULL,1.0,6.0,24,25.0,16.51,0.688
ACXUSDT,REG_BULL,1.0,4.0,12,25.0,1.79,0.149
PROMPTUSDT,REG_BEAR,1.5,4.0,16,31.2,8.26,0.516
SOONUSDT,HID_BULL,1.0,7.0,24,20.8,14.51,0.604
ACXUSDT,REG_BULL,1.0,5.0,12,25.0,4.79,0.399
PROMPTUSDT,REG_BEAR,1.5,5.0,16,31.2,13.26,0.829
ACXUSDT,REG_BULL,1.0,6.0,12,25.0,7.79,0.649
SOONUSDT,HID_BULL,1.0,8.0,24,20.8,19.51,0.813
PROMPTUSDT,REG_BEAR,1.5,6.0,16,31.2,18.26,1.141
PROMPTUSDT,REG_BEAR,1.5,7.0,16,31.2,23.26,1.454
SOONUSDT,HID_BULL,1.0,9.0,24,20.8,24.51,1.021
PROMPTUSDT,REG_BEAR,1.5,8.0,16,25.0,19.26,1.204
SOONUSDT,HID_BULL,1.0,10.0,24,20.8,29.51,1.229
SOONUSDT,HID_BULL,1.5,1.5,24,54.2,7.51,0.313
AEROUSDT,HID_BULL,1.0,1.5,58,60.3,25.22,0.435
PROMPTUSDT,REG_BEAR,2.0,1.5,16,50.0,3.45,0.215
SOONUSDT,HID_BULL,1.5,2.0,24,45.8,8.01,0.334
ACXUSDT,REG_BULL,1.5,4.0,12,25.0,2.19,0.183
AEROUSDT,HID_BULL,1.0,2.0,58,58.6,39.72,0.685
SOONUSDT,HID_BULL,1.5,3.0,24,45.8,19.01,0.792
AEROUSDT,HID_BULL,1.0,3.0,58,53.4,61.72,1.064
PROMPTUSDT,REG_BEAR,2.0,4.0,16,31.2,8.45,0.528
SOONUSDT,HID_BULL,1.5,4.0,24,41.7,25.01,1.042
PROMPTUSDT,REG_BEAR,2.0,5.0,16,31.2,13.45,0.84
AEROUSDT,HID_BULL,1.0,4.0,58,53.4,92.72,1.599
SOONUSDT,HID_BULL,1.5,5.0,24,37.5,29.01,1.209
PROMPTUSDT,REG_BEAR,2.0,6.0,16,25.0,11.45,0.715
SOONUSDT,HID_BULL,1.5,6.0,24,37.5,38.01,1.584
AEROUSDT,HID_BULL,1.0,5.0,58,51.7,117.72,2.03
SOONUSDT,HID_BULL,1.5,7.0,24,33.3,39.01,1.625
AEROUSDT,HID_BULL,1.0,6.0,58,51.7,147.72,2.547
SOONUSDT,HID_BULL,1.5,8.0,24,29.2,38.01,1.584
AEROUSDT,HID_BULL,1.0,7.0,58,50.0,169.72,2.926
SOONUSDT,HID_BULL,1.5,9.0,24,29.2,45.01,1.875
AEROUSDT,HID_BULL,1.0,8.0,58,50.0,198.72,3.426
SOONUSDT,HID_BULL,1.5,10.0,24,29.2,52.01,2.167
SOONUSDT,HID_BULL,2.0,1.5,24,50.0,5.25,0.219
AEROUSDT,HID_BULL,1.0,9.0,58,50.0,227.72,3.926
SOONUSDT,HID_BULL,2.0,2.0,24,45.8,8.25,0.344
AEROUSDT,HID_BULL,1.0,10.0,58,50.0,256.72,4.426
SOONUSDT,HID_BULL,2.0,3.0,24,41.7,15.25,0.636
AEROUSDT,HID_BULL,1.5,1.5,58,58.6,24.15,0.416
SOONUSDT,HID_BULL,2.0,4.0,24,37.5,20.25,0.844
SOONUSDT,HID_BULL,2.0,5.0,24,37.5,29.25,1.219
AEROUSDT,HID_BULL,1.5,2.0,58,55.2,35.15,0.606
SOONUSDT,HID_BULL,2.0,6.0,24,33.3,31.25,1.302
AEROUSDT,HID_BULL,1.5,3.0,58,53.4,63.15,1.089
OLUSDT,REG_BULL,2.0,4.0,18,27.8,6.39,0.355
SOONUSDT,HID_BULL,2.0,7.0,24,33.3,39.25,1.636
AEROUSDT,HID_BULL,1.5,4.0,58,51.7,89.15,1.537
OLUSDT,REG_BULL,2.0,5.0,18,22.2,5.39,0.3
SOONUSDT,HID_BULL,2.0,8.0,24,33.3,47.25,1.969
AEROUSDT,HID_BULL,1.5,5.0,58,50.0,113.15,1.951
SOONUSDT,HID_BULL,2.0,9.0,24,29.2,45.25,1.886
COOKIEUSDT,REG_BEAR,1.0,4.0,41,26.8,10.98,0.268
SOONUSDT,HID_BULL,2.0,10.0,24,25.0,41.25,1.719
AEROUSDT,HID_BULL,1.5,6.0,58,50.0,142.15,2.451
COOKIEUSDT,REG_BEAR,1.0,5.0,41,22.0,9.98,0.243
AEROUSDT,HID_BULL,1.5,7.0,58,50.0,171.15,2.951
GIGAUSDT,REG_BEAR,1.0,1.5,28,50.0,5.45,0.194
AEROUSDT,HID_BULL,1.5,8.0,58,50.0,200.15,3.451
GIGAUSDT,REG_BEAR,1.0,2.0,28,42.9,6.45,0.23
BBUSDT,REG_BULL,1.0,2.0,32,40.6,4.76,0.149
VANRYUSDT,REG_BULL,1.0,1.5,35,51.4,7.52,0.215
PROMPTUSDT,HID_BULL,1.5,4.0,26,26.9,7.92,0.305
OLUSDT,REG_BEAR,1.0,2.0,22,45.5,6.66,0.303
AEROUSDT,HID_BULL,1.5,9.0,58,48.3,219.15,3.778
PROMPTUSDT,HID_BULL,1.5,5.0,26,23.1,8.92,0.343
OLUSDT,REG_BEAR,1.0,3.0,22,40.9,12.66,0.575
AEROUSDT,HID_BULL,1.5,10.0,58,48.3,247.15,4.261
SOONUSDT,HID_BEAR,1.0,4.0,37,24.3,5.44,0.147
VANRYUSDT,REG_BULL,1.0,2.0,35,45.7,10.52,0.3
GIGAUSDT,REG_BEAR,1.0,4.0,28,35.7,20.45,0.73
OLUSDT,REG_BEAR,1.0,4.0,22,31.8,11.66,0.53
AEROUSDT,HID_BULL,2.0,1.5,58,55.2,19.86,0.342
OLUSDT,REG_BEAR,1.0,5.0,22,27.3,12.66,0.575
GIGAUSDT,REG_BEAR,1.0,5.0,28,32.1,24.45,0.873
AEROUSDT,HID_BULL,2.0,2.0,58,55.2,35.86,0.618
OLUSDT,REG_BEAR,1.0,6.0,22,22.7,11.66,0.53
GIGAUSDT,REG_BEAR,1.0,6.0,28,32.1,33.45,1.194
AEROUSDT,HID_BULL,2.0,3.0,58,53.4,63.86,1.101
OLUSDT,REG_BEAR,1.0,7.0,22,22.7,16.66,0.757
GIGAUSDT,REG_BEAR,1.0,7.0,28,32.1,42.45,1.516
AEROUSDT,HID_BULL,2.0,4.0,58,51.7,89.86,1.549
OLUSDT,REG_BEAR,1.0,8.0,22,22.7,21.66,0.985
GIGAUSDT,REG_BEAR,1.0,8.0,28,25.0,33.45,1.194
VANRYUSDT,REG_BULL,1.0,5.0,35,20.0,4.52,0.129
AEROUSDT,HID_BULL,2.0,5.0,58,51.7,119.86,2.067
OLUSDT,REG_BEAR,1.0,9.0,22,22.7,26.66,1.212
GIGAUSDT,REG_BEAR,1.0,9.0,28,25.0,40.45,1.444
AEROUSDT,HID_BULL,2.0,6.0,58,51.7,149.86,2.584
OLUSDT,REG_BEAR,1.0,10.0,22,22.7,31.66,1.439
GIGAUSDT,REG_BEAR,1.0,10.0,28,25.0,47.45,1.694
AEROUSDT,HID_BULL,2.0,7.0,58,50.0,171.86,2.963
COOKIEUSDT,REG_BEAR,1.5,2.0,41,41.5,7.98,0.195
PROMPTUSDT,HID_BULL,2.0,4.0,26,23.1,3.19,0.123
GIGAUSDT,REG_BEAR,1.5,1.5,28,53.6,8.46,0.302
OLUSDT,REG_BEAR,1.5,2.0,22,45.5,7.11,0.323
AEROUSDT,HID_BULL,2.0,8.0,58,50.0,200.86,3.463
LSKUSDT,REG_BULL,1.0,4.0,36,27.8,10.55,0.293
GIGAUSDT,REG_BEAR,1.5,2.0,28,50.0,12.96,0.463
AEROUSDT,HID_BULL,2.0,9.0,58,50.0,229.86,3.963
OLUSDT,REG_BEAR,1.5,4.0,22,27.3,7.11,0.323
GIGAUSDT,REG_BEAR,1.5,3.0,28,46.4,22.96,0.82
AEROUSDT,HID_BULL,2.0,10.0,58,48.3,247.86,4.273
LSKUSDT,REG_BULL,1.0,5.0,36,25.0,14.55,0.404
BBUSDT,REG_BULL,1.5,1.5,32,50.0,6.51,0.203
OLUSDT,REG_BEAR,1.5,5.0,22,22.7,7.11,0.323
GIGAUSDT,REG_BEAR,1.5,4.0,28,42.9,30.96,1.106
OLUSDT,REG_BEAR,1.5,6.0,22,22.7,12.11,0.55
COOKIEUSDT,REG_BEAR,1.5,5.0,41,22.0,10.98,0.268
BBUSDT,REG_BULL,1.5,2.0,32,40.6,5.51,0.172
GIGAUSDT,REG_BEAR,1.5,5.0,28,39.3,36.96,1.32
OLUSDT,REG_BEAR,1.5,7.0,22,22.7,17.11,0.778
COOKIEUSDT,REG_BEAR,1.5,6.0,41,22.0,19.98,0.487
POWRUSDT,REG_BULL,1.0,4.0,47,25.5,8.33,0.177
GIGAUSDT,REG_BEAR,1.5,6.0,28,28.6,26.96,0.963
ACXUSDT,REG_BEAR,2.0,4.0,27,25.9,6.94,0.257
VANRYUSDT,REG_BULL,1.5,1.5,35,54.3,10.84,0.31
GIGAUSDT,REG_BEAR,1.5,7.0,28,28.6,34.96,1.249
BBUSDT,REG_BULL,1.5,4.0,32,25.0,6.51,0.203
POWRUSDT,REG_BULL,1.0,5.0,47,23.4,14.33,0.305
GIGAUSDT,REG_BEAR,1.5,8.0,28,21.4,24.96,0.892
VANRYUSDT,REG_BULL,1.5,2.0,35,42.9,8.34,0.238
OLUSDT,REG_BEAR,2.0,1.5,22,59.1,9.83,0.447
VANRYUSDT,REG_BULL,1.5,3.0,35,42.9,23.34,0.667
OLUSDT,REG_BEAR,2.0,2.0,22,50.0,10.33,0.47
VANRYUSDT,REG_BULL,1.5,4.0,35,31.4,18.34,0.524
SOONUSDT,HID_BEAR,2.0,1.5,37,45.9,4.22,0.114
GIGAUSDT,REG_BEAR,2.0,1.5,28,53.6,8.72,0.312
OLUSDT,REG_BEAR,2.0,4.0,22,31.8,12.33,0.56
LSKUSDT,REG_BULL,1.5,1.5,36,47.2,4.2,0.117
SOONUSDT,HID_BEAR,2.0,2.0,37,40.5,6.72,0.182
GIGAUSDT,REG_BEAR,2.0,2.0,28,53.6,16.22,0.579
OLUSDT,REG_BEAR,2.0,5.0,22,31.8,19.33,0.879
VANRYUSDT,REG_BULL,1.5,5.0,35,22.9,11.34,0.324
LSKUSDT,REG_BULL,1.5,2.0,36,41.7,6.7,0.186
COOKIEUSDT,REG_BEAR,2.0,1.5,41,46.3,4.99,0.122
GIGAUSDT,REG_BEAR,2.0,3.0,28,46.4,23.22,0.829
STGUSDT,REG_BULL,1.0,2.0,60,41.7,8.43,0.141
VANRYUSDT,REG_BULL,1.5,6.0,35,20.0,12.34,0.353
SOONUSDT,HID_BEAR,2.0,4.0,33,27.3,10.94,0.332
GIGAUSDT,REG_BEAR,2.0,4.0,28,32.1,16.22,0.579
COOKIEUSDT,REG_BEAR,2.0,2.0,41,41.5,8.49,0.207
DENTUSDT,REG_BULL,1.0,2.0,78,41.0,10.18,0.131
VANRYUSDT,REG_BULL,1.5,7.0,35,20.0,19.34,0.553
RSRUSDT,REG_BULL,1.0,2.0,69,42.0,12.18,0.177
GIGAUSDT,REG_BEAR,2.0,5.0,28,28.6,19.22,0.687
SOONUSDT,HID_BEAR,2.0,5.0,32,25.0,14.95,0.467
LSKUSDT,REG_BULL,1.5,4.0,36,25.0,6.7,0.186
BBUSDT,REG_BULL,2.0,1.5,32,46.9,4.38,0.137
ALGOUSDT,REG_BULL,1.0,4.0,52,28.8,17.79,0.342
VANRYUSDT,REG_BULL,1.5,8.0,35,20.0,26.34,0.753
GIGAUSDT,REG_BEAR,2.0,6.0,28,21.4,13.22,0.472
ACXUSDT,HID_BULL,1.0,4.0,27,25.9,5.6,0.207
SOONUSDT,HID_BEAR,2.0,6.0,32,21.9,15.95,0.498
C98USDT,REG_BULL,1.0,4.0,58,25.9,12.57,0.217
LSKUSDT,REG_BULL,1.5,5.0,36,25.0,15.7,0.436
COOKIEUSDT,REG_BEAR,2.0,4.0,41,26.8,12.49,0.305
OMUSDT,REG_BULL,1.5,4.0,46,23.9,6.51,0.142
STGUSDT,REG_BULL,1.0,4.0,60,31.7,28.43,0.474
ALGOUSDT,REG_BULL,1.0,5.0,52,25.0,20.79,0.4
COOKIEUSDT,REG_BEAR,2.0,5.0,40,22.5,12.51,0.313
VANRYUSDT,REG_BULL,2.0,1.5,35,48.6,6.26,0.179
ALGOUSDT,REG_BULL,1.0,6.0,52,23.1,26.79,0.515
STGUSDT,REG_BULL,1.0,5.0,60,26.7,29.43,0.491
RSRUSDT,REG_BULL,1.0,4.0,69,26.1,15.18,0.22
POWRUSDT,REG_BULL,1.5,2.0,47,40.4,6.89,0.147
VANRYUSDT,REG_BULL,2.0,2.0,35,45.7,11.76,0.336
ALGOUSDT,REG_BULL,1.0,7.0,52,23.1,38.79,0.746
STGUSDT,REG_BULL,1.0,6.0,60,21.7,24.43,0.407
RSRUSDT,REG_BULL,1.0,5.0,69,23.2,21.18,0.307
1000000CHEEMSUSDT,REG_BEAR,2.0,4.0,25,24.0,3.3,0.132
VANRYUSDT,REG_BULL,2.0,4.0,35,22.9,3.76,0.107
1000000CHEEMSUSDT,REG_BEAR,2.0,5.0,25,24.0,9.3,0.372
POWRUSDT,REG_BULL,1.5,4.0,47,25.5,9.89,0.21
LSKUSDT,REG_BULL,2.0,1.5,36,47.2,4.77,0.133
PROMPTUSDT,HID_BEAR,1.5,1.5,53,49.1,9.53,0.18
1000000CHEEMSUSDT,REG_BEAR,2.0,6.0,25,24.0,15.3,0.612
STGUSDT,REG_BULL,1.0,7.0,60,20.0,29.43,0.491
VANRYUSDT,REG_BULL,2.0,5.0,35,20.0,5.76,0.165
YFIUSDT,REG_BULL,1.0,4.0,61,26.2,11.9,0.195
RSRUSDT,REG_BULL,1.0,6.0,69,21.7,30.18,0.437
LSKUSDT,REG_BULL,2.0,2.0,36,41.7,7.27,0.202
POWRUSDT,REG_BULL,1.5,5.0,47,25.5,21.89,0.466
VANRYUSDT,REG_BULL,2.0,6.0,35,20.0,12.76,0.365
POWRUSDT,REG_BULL,1.5,6.0,47,23.4,26.89,0.572
YFIUSDT,REG_BULL,1.0,5.0,61,21.3,9.9,0.162
LSKUSDT,REG_BULL,2.0,4.0,36,33.3,22.27,0.619
POWRUSDT,REG_BULL,1.5,7.0,47,23.4,37.89,0.806
LSKUSDT,REG_BULL,2.0,5.0,36,27.8,22.27,0.619
LSKUSDT,REG_BULL,2.0,6.0,36,25.0,25.27,0.702
LSKUSDT,REG_BULL,2.0,7.0,36,25.0,34.27,0.952
ORBSUSDT,REG_BULL,2.0,5.0,35,22.9,10.98,0.314
ORCAUSDT,REG_BEAR,1.0,4.0,38,28.9,13.18,0.347
LSKUSDT,REG_BULL,2.0,8.0,36,22.2,34.27,0.952
OLUSDT,HID_BULL,1.5,4.0,37,24.3,6.62,0.179
ORCAUSDT,REG_BEAR,1.0,5.0,38,21.1,6.18,0.163
STGUSDT,REG_BULL,1.5,1.5,60,51.7,13.12,0.219
LSKUSDT,REG_BULL,2.0,9.0,36,22.2,42.27,1.174
OLUSDT,HID_BULL,1.5,5.0,37,24.3,15.62,0.422
LSKUSDT,REG_BULL,2.0,10.0,36,22.2,50.27,1.396
ALGOUSDT,REG_BULL,1.5,4.0,52,25.0,9.53,0.183
OLUSDT,HID_BULL,1.5,6.0,37,21.6,17.62,0.476
STGUSDT,REG_BULL,1.5,2.0,60,45.0,16.62,0.277
KASUSDT,REG_BULL,1.5,5.0,60,20.0,8.43,0.14
OLUSDT,HID_BULL,1.5,7.0,37,21.6,25.62,0.692
1000000CHEEMSUSDT,HID_BULL,1.0,5.0,55,20.0,6.11,0.111
LSKUSDT,REG_BEAR,1.0,1.5,43,51.2,6.86,0.16
ALGOUSDT,REG_BULL,1.5,5.0,52,21.2,10.53,0.202
POWRUSDT,REG_BULL,2.0,2.0,47,40.4,7.66,0.163
LSKUSDT,REG_BEAR,1.0,2.0,43,46.5,11.86,0.276
KASUSDT,REG_BULL,1.5,6.0,60,20.0,20.43,0.34
RSRUSDT,REG_BULL,1.5,1.5,69,46.4,7.12,0.103
VANRYUSDT,REG_BEAR,1.0,4.0,58,25.9,12.71,0.219
ALGOUSDT,REG_BULL,1.5,6.0,52,21.2,21.53,0.414
STGUSDT,REG_BULL,1.5,4.0,60,25.0,10.62,0.177
KASUSDT,REG_BULL,1.5,7.0,60,20.0,32.43,0.54
POWRUSDT,REG_BULL,2.0,4.0,47,27.7,15.66,0.333
ORCAUSDT,REG_BEAR,1.5,1.5,38,50.0,6.96,0.183
VANRYUSDT,REG_BEAR,1.0,5.0,58,20.7,9.71,0.167
DENTUSDT,REG_BULL,1.5,1.5,78,48.7,11.79,0.151
RSRUSDT,REG_BULL,1.5,2.0,69,40.6,11.12,0.161
LSKUSDT,REG_BEAR,1.0,4.0,43,30.2,16.86,0.392
POWRUSDT,REG_BULL,2.0,5.0,47,25.5,22.66,0.482
LSKUSDT,REG_BEAR,1.0,5.0,43,25.6,17.86,0.415
KASUSDT,REG_BULL,1.5,8.0,60,20.0,44.43,0.74
STGUSDT,REG_BULL,1.5,5.0,60,23.3,19.62,0.327
OLUSDT,HID_BULL,2.0,4.0,37,24.3,6.97,0.188
LSKUSDT,REG_BEAR,1.0,6.0,43,23.3,21.86,0.508
STGUSDT,REG_BULL,1.5,6.0,60,20.0,19.62,0.327
BBUSDT,REG_BEAR,1.5,5.0,40,20.0,6.18,0.154
OLUSDT,HID_BULL,2.0,5.0,37,24.3,15.97,0.432
LSKUSDT,REG_BEAR,1.0,7.0,43,20.9,23.86,0.555
RSRUSDT,REG_BULL,1.5,4.0,69,29.0,27.12,0.393
BBUSDT,REG_BEAR,1.5,6.0,40,20.0,14.18,0.354
ALGOUSDT,REG_BULL,2.0,1.5,52,50.0,10.4,0.2
GNOUSDT,REG_BEAR,1.0,4.0,37,27.0,7.97,0.215
RSRUSDT,REG_BULL,1.5,5.0,69,24.6,29.12,0.422
ACXUSDT,HID_BEAR,1.0,5.0,75,20.0,8.43,0.112
GNOUSDT,REG_BEAR,1.0,5.0,37,24.3,11.97,0.323
RVNUSDT,REG_BULL,1.0,2.0,51,41.2,7.03,0.138
COOKIEUSDT,HID_BEAR,1.0,1.5,54,50.0,9.96,0.184
GNOUSDT,REG_BEAR,1.0,6.0,37,21.6,13.97,0.378
RSRUSDT,REG_BULL,1.5,6.0,69,20.3,25.12,0.364
LSKUSDT,REG_BEAR,1.5,1.5,43,48.8,6.08,0.141
KASUSDT,REG_BULL,2.0,2.0,60,40.0,9.32,0.155
GNOUSDT,REG_BEAR,1.0,7.0,37,21.6,21.97,0.594
VANRYUSDT,REG_BEAR,1.5,1.5,58,50.0,11.64,0.201
POWRUSDT,REG_BEAR,1.0,1.5,58,55.2,14.41,0.248
ORCAUSDT,REG_BEAR,2.0,1.5,38,47.4,5.09,0.134
LSKUSDT,REG_BEAR,1.5,2.0,43,44.2,10.58,0.246
RVNUSDT,REG_BULL,1.0,4.0,51,25.5,9.03,0.177
ALGOUSDT,REG_BULL,2.0,4.0,52,25.0,10.4,0.2
BBUSDT,REG_BEAR,2.0,2.0,40,40.0,6.63,0.166
VANRYUSDT,REG_BEAR,1.5,2.0,58,41.4,11.14,0.192
OLUSDT,HID_BEAR,1.0,2.0,67,40.3,10.18,0.152
AKEUSDT,HID_BULL,1.0,1.5,10,50.0,1.99,0.199
RVNUSDT,REG_BULL,1.0,5.0,51,23.5,16.03,0.314
AKEUSDT,HID_BULL,1.0,2.0,10,50.0,4.49,0.449
AKEUSDT,HID_BULL,1.0,3.0,10,40.0,5.49,0.549
LSKUSDT,REG_BEAR,1.5,4.0,43,25.6,8.58,0.199
KASUSDT,REG_BULL,2.0,4.0,60,25.0,12.32,0.205
STGUSDT,REG_BULL,2.0,1.5,60,53.3,16.72,0.279
AKEUSDT,HID_BULL,1.0,4.0,10,30.0,4.49,0.449
AKEUSDT,HID_BULL,1.0,5.0,10,20.0,1.49,0.149
AKEUSDT,HID_BULL,1.0,6.0,10,20.0,3.49,0.349
ORCAUSDT,REG_BEAR,2.0,4.0,38,23.7,5.09,0.134
AKEUSDT,HID_BULL,1.0,7.0,10,20.0,5.49,0.549
AKEUSDT,HID_BULL,1.0,8.0,10,20.0,7.49,0.749
AKEUSDT,HID_BULL,1.0,9.0,10,20.0,9.49,0.949
LSKUSDT,REG_BEAR,1.5,5.0,43,23.3,13.58,0.316
AKEUSDT,HID_BULL,1.0,10.0,10,20.0,11.49,1.149
RVNUSDT,REG_BULL,1.0,6.0,51,21.6,21.03,0.412
AKEUSDT,HID_BULL,1.5,1.5,10,60.0,4.66,0.466
GNOUSDT,REG_BEAR,1.5,1.5,37,48.6,4.65,0.126
AKEUSDT,HID_BULL,1.5,2.0,10,50.0,4.66,0.466
KASUSDT,REG_BULL,2.0,5.0,60,23.3,21.32,0.355
STGUSDT,REG_BULL,2.0,2.0,60,43.3,14.72,0.245
VANRYUSDT,REG_BEAR,1.5,4.0,58,25.9,14.14,0.244
AKEUSDT,HID_BULL,1.5,5.0,10,20.0,1.66,0.166
AKEUSDT,HID_BULL,1.5,6.0,10,20.0,3.66,0.366
POWRUSDT,REG_BEAR,1.0,4.0,57,28.1,15.41,0.27
AKEUSDT,HID_BULL,1.5,7.0,10,20.0,5.66,0.566
AKEUSDT,HID_BULL,1.5,8.0,10,20.0,7.66,0.766
OLUSDT,HID_BEAR,1.0,4.0,67,25.4,14.18,0.212
AKEUSDT,HID_BULL,1.5,9.0,10,20.0,9.66,0.966
AKEUSDT,HID_BULL,1.5,10.0,10,20.0,11.66,1.166
AKEUSDT,HID_BULL,2.0,1.5,10,50.0,2.25,0.225
VANRYUSDT,REG_BEAR,1.5,5.0,58,24.1,23.14,0.399
KASUSDT,REG_BULL,2.0,6.0,60,21.7,28.32,0.472
AKEUSDT,HID_BULL,2.0,5.0,10,20.0,1.75,0.175
AKEUSDT,HID_BULL,2.0,6.0,10,20.0,3.75,0.375
POWRUSDT,REG_BEAR,1.0,5.0,57,26.3,25.41,0.446
AKEUSDT,HID_BULL,2.0,7.0,10,20.0,5.75,0.575
AKEUSDT,HID_BULL,2.0,8.0,10,20.0,7.75,0.775
AKEUSDT,HID_BEAR,1.0,1.5,25,48.0,3.55,0.142
VANRYUSDT,REG_BEAR,1.5,6.0,58,22.4,30.14,0.52
KASUSDT,REG_BULL,2.0,7.0,60,20.0,33.32,0.555
AKEUSDT,HID_BEAR,1.0,2.0,25,40.0,3.55,0.142
POWRUSDT,REG_BEAR,1.0,6.0,57,26.3,40.41,0.709
STGUSDT,REG_BULL,2.0,4.0,60,25.0,11.72,0.195
PONKEUSDT,REG_BEAR,2.0,1.5,42,52.4,11.85,0.282
AKEUSDT,HID_BEAR,1.0,4.0,25,36.0,18.55,0.742
RSRUSDT,REG_BULL,2.0,1.5,69,49.3,13.09,0.19
AKEUSDT,HID_BEAR,1.0,5.0,25,36.0,27.55,1.102
VANRYUSDT,REG_BEAR,1.5,7.0,58,22.4,43.14,0.744
PONKEUSDT,REG_BEAR,2.0,2.0,42,42.9,10.85,0.258
AKEUSDT,HID_BEAR,1.0,6.0,25,36.0,36.55,1.462
KASUSDT,REG_BULL,2.0,8.0,60,20.0,45.32,0.755
STGUSDT,REG_BULL,2.0,5.0,60,20.0,8.72,0.145
AKEUSDT,HID_BEAR,1.0,7.0,25,28.0,29.55,1.182
AKEUSDT,HID_BEAR,1.0,8.0,25,24.0,27.55,1.102
LSKUSDT,REG_BEAR,2.0,1.5,43,46.5,4.43,0.103
VANRYUSDT,REG_BEAR,1.5,8.0,58,22.4,56.14,0.968
AKEUSDT,HID_BEAR,1.0,9.0,25,24.0,33.55,1.342
AKEUSDT,HID_BEAR,1.0,10.0,25,24.0,39.55,1.582
RSRUSDT,REG_BULL,2.0,2.0,69,43.5,18.09,0.262
KASUSDT,REG_BULL,2.0,9.0,60,20.0,57.32,0.955
ALGOUSDT,REG_BEAR,1.0,1.5,61,50.8,9.06,0.149
AKEUSDT,HID_BEAR,1.5,2.0,25,40.0,4.04,0.161
VANRYUSDT,REG_BEAR,1.5,9.0,58,22.4,69.14,1.192
AKEUSDT,HID_BEAR,1.5,3.0,25,40.0,14.04,0.561
AKEUSDT,HID_BEAR,1.5,4.0,25,40.0,24.04,0.961
AKEUSDT,HID_BEAR,1.5,5.0,25,28.0,16.04,0.641
ALGOUSDT,REG_BEAR,1.0,2.0,61,44.3,12.56,0.206
AKEUSDT,HID_BEAR,1.5,6.0,25,28.0,23.04,0.921
VANRYUSDT,REG_BEAR,1.5,10.0,58,20.7,71.14,1.227
DENTUSDT,REG_BULL,2.0,1.5,78,51.3,18.09,0.232
AKEUSDT,HID_BEAR,1.5,7.0,25,28.0,30.04,1.201
CTSIUSDT,REG_BULL,2.0,4.0,70,24.3,12.0,0.171
KASUSDT,REG_BEAR,1.0,1.5,55,54.5,15.26,0.277
AKEUSDT,HID_BEAR,1.5,8.0,25,28.0,37.04,1.481
AKEUSDT,HID_BEAR,1.5,9.0,24,25.0,35.09,1.462
IOTXUSDT,REG_BULL,2.0,4.0,69,24.6,12.57,0.182
RVNUSDT,REG_BULL,1.5,4.0,51,23.5,5.69,0.112
AKEUSDT,HID_BEAR,1.5,10.0,24,25.0,41.09,1.712
RSRUSDT,REG_BULL,2.0,4.0,69,26.1,18.09,0.262
AKEUSDT,HID_BEAR,2.0,1.5,25,48.0,4.28,0.171
KASUSDT,REG_BEAR,1.0,2.0,55,50.9,24.26,0.441
CTSIUSDT,REG_BULL,2.0,5.0,70,24.3,29.0,0.414
DENTUSDT,REG_BULL,2.0,2.0,78,43.6,20.09,0.258
AKEUSDT,HID_BEAR,2.0,2.0,25,48.0,10.28,0.411
AKEUSDT,HID_BEAR,2.0,3.0,25,44.0,18.28,0.731
RVNUSDT,REG_BULL,1.5,5.0,51,21.6,11.69,0.229
ALGOUSDT,REG_BEAR,1.0,4.0,60,28.3,17.69,0.295
BBUSDT,HID_BULL,1.0,5.0,56,21.4,12.57,0.224
AKEUSDT,HID_BEAR,2.0,4.0,25,32.0,14.28,0.571
KASUSDT,REG_BEAR,1.0,3.0,55,40.0,28.26,0.514
RSRUSDT,REG_BULL,2.0,5.0,69,24.6,30.09,0.436
AKEUSDT,HID_BEAR,2.0,5.0,25,32.0,22.28,0.891
GNOUSDT,REG_BEAR,2.0,5.0,37,21.6,8.48,0.229
CTSIUSDT,REG_BULL,2.0,6.0,69,20.3,26.06,0.378
AKEUSDT,HID_BEAR,2.0,6.0,25,32.0,30.28,1.211
AKEUSDT,HID_BEAR,2.0,7.0,24,29.2,31.32,1.305
ALGOUSDT,REG_BEAR,1.0,5.0,60,21.7,10.69,0.178
AKEUSDT,HID_BEAR,2.0,8.0,23,26.1,30.35,1.32
KASUSDT,REG_BEAR,1.0,4.0,55,32.7,30.26,0.55
RSRUSDT,REG_BULL,2.0,6.0,69,21.7,33.09,0.48
VANRYUSDT,REG_BEAR,2.0,4.0,58,27.6,19.85,0.342
ALGOUSDT,REG_BEAR,1.0,6.0,60,21.7,23.69,0.395
KASUSDT,REG_BEAR,1.0,5.0,55,29.1,36.26,0.659
POWRUSDT,REG_BEAR,1.5,4.0,57,31.6,27.94,0.49
DENTUSDT,REG_BULL,2.0,4.0,78,25.6,18.09,0.232
VANRYUSDT,REG_BEAR,2.0,5.0,58,25.9,29.85,0.515
RSRUSDT,REG_BULL,2.0,7.0,69,20.3,40.09,0.581
KASUSDT,REG_BEAR,1.0,6.0,55,23.6,31.26,0.568
POWRUSDT,REG_BEAR,1.5,5.0,57,22.8,15.94,0.28
VANRYUSDT,REG_BEAR,2.0,6.0,58,25.9,44.85,0.773
KASUSDT,REG_BEAR,1.0,7.0,55,21.8,36.26,0.659
POWRUSDT,REG_BEAR,1.5,6.0,57,21.1,21.94,0.385
VANRYUSDT,REG_BEAR,2.0,7.0,58,25.9,59.85,1.032
KASUSDT,REG_BEAR,1.0,8.0,55,21.8,48.26,0.877
VANRYUSDT,REG_BEAR,2.0,8.0,58,24.1,65.85,1.135
KASUSDT,REG_BEAR,1.0,9.0,55,20.0,50.26,0.914
C98USDT,REG_BEAR,1.0,5.0,86,20.9,13.73,0.16
VANRYUSDT,REG_BEAR,2.0,9.0,58,24.1,79.85,1.377
C98USDT,REG_BEAR,1.0,6.0,86,20.9,31.73,0.369
ALGOUSDT,REG_BEAR,1.5,1.5,61,47.5,6.54,0.107
KASUSDT,REG_BEAR,1.5,1.5,55,60.0,24.34,0.442
VANRYUSDT,REG_BEAR,2.0,10.0,58,22.4,82.85,1.428
ALGOUSDT,REG_BEAR,1.5,2.0,61,42.6,12.04,0.197
KASUSDT,REG_BEAR,1.5,2.0,55,49.1,22.84,0.415
GNOUSDT,HID_BULL,1.0,4.0,83,25.3,9.2,0.111
STGUSDT,REG_BEAR,1.0,6.0,75,20.0,18.77,0.25
ACXUSDT,HID_BEAR,2.0,4.0,75,26.7,21.72,0.29
KASUSDT,REG_BEAR,1.5,3.0,55,41.8,33.84,0.615
GNOUSDT,HID_BULL,1.0,5.0,83,21.7,12.2,0.147
IOTXUSDT,REG_BEAR,1.0,4.0,64,25.0,8.98,0.14
KASUSDT,REG_BEAR,1.5,4.0,55,34.5,36.84,0.67
ALGOUSDT,REG_BEAR,1.5,4.0,60,25.0,10.13,0.169
ACXUSDT,HID_BEAR,2.0,5.0,75,24.0,29.72,0.396
IOTXUSDT,REG_BEAR,1.0,5.0,64,23.4,18.98,0.297
KASUSDT,REG_BEAR,1.5,5.0,55,29.1,37.84,0.688
ACXUSDT,HID_BEAR,2.0,6.0,75,22.7,40.72,0.543
IOTXUSDT,REG_BEAR,1.0,6.0,64,20.3,19.98,0.312
KASUSDT,REG_BEAR,1.5,6.0,55,27.3,46.84,0.852
ACXUSDT,HID_BEAR,2.0,7.0,75,21.3,49.72,0.663
KASUSDT,REG_BEAR,1.5,7.0,55,25.5,53.84,0.979
POWRUSDT,REG_BEAR,2.0,5.0,57,22.8,17.21,0.302
ACXUSDT,HID_BEAR,2.0,8.0,75,20.0,56.72,0.756
POWRUSDT,REG_BEAR,2.0,6.0,57,22.8,30.21,0.53
RVNUSDT,REG_BEAR,1.0,1.5,58,50.0,7.19,0.124
BBUSDT,HID_BULL,2.0,1.5,56,46.4,7.28,0.13
POWRUSDT,REG_BEAR,2.0,7.0,57,22.8,43.21,0.758
RVNUSDT,REG_BEAR,1.0,2.0,58,44.8,12.69,0.219
TREEUSDT,REG_BEAR,1.0,1.5,13,61.5,5.81,0.447
TREEUSDT,REG_BEAR,1.0,2.0,13,53.8,6.81,0.524
POWRUSDT,REG_BEAR,2.0,8.0,57,21.1,47.21,0.828
STGUSDT,REG_BEAR,1.5,2.0,75,40.0,7.51,0.1
KASUSDT,REG_BEAR,2.0,1.5,55,56.4,20.13,0.366
TREEUSDT,REG_BEAR,1.5,1.5,13,53.8,3.7,0.285
BBUSDT,HID_BULL,2.0,4.0,56,25.0,12.28,0.219
RVNUSDT,REG_BEAR,1.0,4.0,58,31.0,24.69,0.426
KASUSDT,REG_BEAR,2.0,2.0,55,52.7,29.63,0.539
RDNTUSDT,REG_BEAR,1.5,1.5,80,50.0,14.42,0.18
BBUSDT,HID_BULL,2.0,5.0,56,23.2,20.28,0.362
RVNUSDT,REG_BEAR,1.0,5.0,58,29.3,36.69,0.633
KASUSDT,REG_BEAR,2.0,3.0,55,40.0,30.63,0.557
C98USDT,REG_BEAR,1.5,4.0,86,27.9,28.49,0.331
TREEUSDT,REG_BEAR,2.0,4.0,13,23.1,1.4,0.108
RDNTUSDT,REG_BEAR,1.5,2.0,80,41.2,13.42,0.168
RVNUSDT,REG_BEAR,1.0,6.0,58,22.4,25.69,0.443
STGUSDT,REG_BEAR,1.5,4.0,75,26.7,17.51,0.233
KASUSDT,REG_BEAR,2.0,4.0,55,32.7,32.63,0.593
INJUSDT,REG_BULL,1.0,4.0,78,26.9,21.34,0.274
EPTUSDT,REG_BULL,1.0,5.0,10,20.0,1.47,0.147
EPTUSDT,REG_BULL,1.0,6.0,10,20.0,3.47,0.347
RVNUSDT,REG_BEAR,1.0,7.0,58,22.4,38.69,0.667
C98USDT,REG_BEAR,1.5,5.0,86,23.3,28.49,0.331
KASUSDT,REG_BEAR,2.0,5.0,55,29.1,38.63,0.702
TREEUSDT,HID_BULL,1.0,4.0,10,30.0,4.03,0.403
STGUSDT,REG_BEAR,1.5,5.0,75,24.0,25.51,0.34
TREEUSDT,HID_BULL,1.0,5.0,10,30.0,7.03,0.703
GNOUSDT,HID_BULL,1.5,4.0,83,24.1,8.46,0.102
EPTUSDT,REG_BULL,1.5,2.0,10,40.0,1.64,0.164
TREEUSDT,HID_BULL,1.0,6.0,10,30.0,10.03,1.003
IOTXUSDT,REG_BEAR,1.5,4.0,63,25.4,12.39,0.197
EPTUSDT,REG_BULL,1.5,3.0,10,40.0,5.64,0.564
TREEUSDT,HID_BULL,1.0,7.0,10,20.0,5.03,0.503
EPTUSDT,REG_BULL,1.5,4.0,10,40.0,9.64,0.964
TREEUSDT,HID_BULL,1.0,8.0,10,20.0,7.03,0.703
INJUSDT,REG_BULL,1.0,5.0,78,20.5,12.34,0.158
EPTUSDT,REG_BULL,1.5,5.0,10,30.0,7.64,0.764
TREEUSDT,HID_BULL,1.0,9.0,10,20.0,9.03,0.903
RSRUSDT,REG_BEAR,1.5,1.5,76,47.4,9.13,0.12
EPTUSDT,REG_BULL,1.5,6.0,10,20.0,3.64,0.364
TREEUSDT,HID_BULL,1.0,10.0,10,20.0,11.03,1.103
KASUSDT,REG_BEAR,2.0,6.0,55,21.8,26.63,0.484
TREEUSDT,HID_BULL,1.5,4.0,10,30.0,4.35,0.435
C98USDT,REG_BEAR,1.5,6.0,86,22.1,41.49,0.482
TREEUSDT,HID_BULL,1.5,5.0,10,20.0,1.35,0.135
EPTUSDT,REG_BULL,2.0,1.5,10,60.0,4.73,0.473
IOTXUSDT,REG_BEAR,1.5,5.0,63,22.2,16.39,0.26
TREEUSDT,HID_BULL,1.5,6.0,10,20.0,3.35,0.335
RDNTUSDT,REG_BEAR,1.5,4.0,80,28.7,29.42,0.368
EPTUSDT,REG_BULL,2.0,2.0,10,60.0,7.73,0.773
TREEUSDT,HID_BULL,1.5,7.0,10,20.0,5.35,0.535
EPTUSDT,REG_BULL,2.0,3.0,10,60.0,13.73,1.373
TREEUSDT,HID_BULL,1.5,8.0,10,20.0,7.35,0.735
KASUSDT,REG_BEAR,2.0,7.0,55,21.8,38.63,0.702
TREEUSDT,HID_BULL,1.5,9.0,10,20.0,9.35,0.935
EPTUSDT,REG_BULL,2.0,4.0,10,50.0,14.73,1.473
TREEUSDT,HID_BULL,1.5,10.0,10,20.0,11.35,1.135
EPTUSDT,REG_BULL,2.0,5.0,10,20.0,1.73,0.173
EPTUSDT,REG_BULL,2.0,6.0,10,20.0,3.73,0.373
RSRUSDT,REG_BEAR,1.5,2.0,76,40.8,12.13,0.16
EPTUSDT,REG_BULL,2.0,7.0,10,20.0,5.73,0.573
EPTUSDT,REG_BULL,2.0,8.0,10,20.0,7.73,0.773
PARTIUSDT,REG_BULL,1.0,1.5,19,47.4,2.09,0.11
EPTUSDT,REG_BULL,2.0,9.0,10,20.0,9.73,0.973
TREEUSDT,HID_BULL,2.0,5.0,10,20.0,1.51,0.151
PARTIUSDT,REG_BULL,1.0,2.0,19,42.1,3.59,0.189
EPTUSDT,REG_BULL,2.0,10.0,10,20.0,11.73,1.173
TREEUSDT,HID_BULL,2.0,6.0,10,20.0,3.51,0.351
TREEUSDT,HID_BULL,2.0,7.0,10,20.0,5.51,0.551
TREEUSDT,HID_BULL,2.0,8.0,10,20.0,7.51,0.751
RDNTUSDT,REG_BEAR,1.5,5.0,80,22.5,22.42,0.28
PARTIUSDT,REG_BULL,1.0,5.0,19,21.1,3.59,0.189
PARTIUSDT,REG_BULL,1.0,6.0,19,21.1,7.59,0.4
RVNUSDT,REG_BEAR,1.5,1.5,58,56.9,19.63,0.338
CTSIUSDT,REG_BEAR,1.5,4.0,78,24.4,11.69,0.15
RDNTUSDT,REG_BEAR,1.5,6.0,80,22.5,40.42,0.505
EPTUSDT,REG_BEAR,1.5,1.5,13,53.8,4.01,0.308
RVNUSDT,REG_BEAR,1.5,2.0,58,48.3,21.13,0.364
RSRUSDT,REG_BEAR,1.5,4.0,76,23.7,9.13,0.12
EPTUSDT,REG_BEAR,1.5,4.0,13,23.1,1.51,0.116
EPTUSDT,REG_BEAR,1.5,5.0,13,23.1,4.51,0.347
PARTIUSDT,REG_BULL,1.5,4.0,19,26.3,5.06,0.266
CTSIUSDT,REG_BEAR,1.5,5.0,78,21.8,18.69,0.24
RDNTUSDT,REG_BEAR,1.5,7.0,80,20.0,42.42,0.53
USTCUSDT,REG_BULL,1.0,4.0,39,25.6,7.62,0.195
EPTUSDT,REG_BEAR,2.0,1.5,13,46.2,1.63,0.126
RSRUSDT,REG_BEAR,1.5,5.0,76,23.7,27.13,0.357
EPTUSDT,REG_BEAR,2.0,4.0,13,30.8,6.63,0.51
RVNUSDT,REG_BEAR,1.5,4.0,58,32.8,32.13,0.554
EPTUSDT,REG_BEAR,2.0,5.0,13,23.1,4.63,0.356
CTSIUSDT,REG_BEAR,1.5,6.0,78,20.5,28.69,0.368
EPTUSDT,REG_BEAR,2.0,6.0,13,23.1,7.63,0.587
EPTUSDT,REG_BEAR,2.0,7.0,13,23.1,10.63,0.818
MANAUSDT,REG_BEAR,1.5,4.0,80,23.8,8.15,0.102
EPTUSDT,REG_BEAR,2.0,8.0,13,23.1,13.63,1.049
EPTUSDT,REG_BEAR,2.0,9.0,13,23.1,16.63,1.279
RVNUSDT,REG_BEAR,1.5,5.0,58,31.0,45.13,0.778
EPTUSDT,HID_BULL,1.0,2.0,27,40.7,4.4,0.163
STGUSDT,REG_BEAR,2.0,1.5,75,48.0,9.38,0.125
RVNUSDT,REG_BEAR,1.5,6.0,58,25.9,42.13,0.726
MANAUSDT,REG_BEAR,1.5,5.0,80,22.5,21.15,0.264
GNOUSDT,HID_BULL,2.0,1.5,83,53.0,20.6,0.248
INJUSDT,REG_BULL,1.5,1.5,78,46.2,8.23,0.105
PARTIUSDT,REG_BEAR,1.0,2.0,16,43.8,3.92,0.245
RVNUSDT,REG_BEAR,1.5,7.0,58,24.1,49.13,0.847
STGUSDT,REG_BEAR,2.0,2.0,75,40.0,9.38,0.125
PARTIUSDT,REG_BEAR,1.0,4.0,16,25.0,2.92,0.183
GNOUSDT,HID_BULL,2.0,2.0,83,49.4,33.6,0.405
INJUSDT,REG_BULL,1.5,2.0,78,42.3,17.23,0.221
RVNUSDT,REG_BEAR,1.5,8.0,58,22.4,54.13,0.933
GNOUSDT,HID_BULL,2.0,3.0,83,42.2,50.6,0.61
RDNTUSDT,REG_BEAR,2.0,1.5,80,50.0,15.81,0.198
RVNUSDT,REG_BEAR,1.5,9.0,58,20.7,57.13,0.985
STGUSDT,REG_BEAR,2.0,4.0,75,28.0,24.38,0.325
EPTUSDT,HID_BULL,1.5,4.0,27,25.9,6.93,0.257
GNOUSDT,HID_BULL,2.0,4.0,83,32.5,45.6,0.549
RDNTUSDT,REG_BEAR,2.0,2.0,80,42.5,17.81,0.223
EPTUSDT,HID_BULL,1.5,5.0,27,25.9,13.93,0.516
YFIUSDT,REG_BEAR,2.0,2.0,75,40.0,9.72,0.13
INJUSDT,REG_BULL,1.5,4.0,78,25.6,18.23,0.234
C98USDT,REG_BEAR,2.0,4.0,86,27.9,29.87,0.347
RVNUSDT,REG_BEAR,2.0,1.5,58,58.6,23.35,0.403
GNOUSDT,HID_BULL,2.0,5.0,83,25.3,36.6,0.441
STGUSDT,REG_BEAR,2.0,5.0,75,21.3,15.38,0.205
RSRUSDT,REG_BEAR,2.0,1.5,76,48.7,12.85,0.169
INJUSDT,REG_BULL,1.5,5.0,78,23.1,26.23,0.336
RVNUSDT,REG_BEAR,2.0,2.0,58,48.3,22.35,0.385
C98USDT,REG_BEAR,2.0,5.0,86,24.4,35.87,0.417
GNOUSDT,HID_BULL,2.0,6.0,83,22.9,43.6,0.525
AERGOUSDT,REG_BEAR,1.5,4.0,64,25.0,10.73,0.168
RDNTUSDT,REG_BEAR,2.0,4.0,80,31.2,40.81,0.51
EPTUSDT,HID_BULL,2.0,5.0,27,22.2,8.2,0.304
RVNUSDT,REG_BEAR,2.0,4.0,58,29.3,23.35,0.403
AERGOUSDT,REG_BEAR,1.5,5.0,64,25.0,26.73,0.418
EPTUSDT,HID_BULL,2.0,6.0,27,22.2,14.2,0.526
USTCUSDT,REG_BULL,2.0,1.5,39,46.2,4.31,0.111
RDNTUSDT,REG_BEAR,2.0,5.0,80,30.0,59.81,0.748
EPTUSDT,HID_BULL,2.0,7.0,27,22.2,20.2,0.748
PARTIUSDT,HID_BULL,1.0,4.0,29,34.5,19.19,0.662
RVNUSDT,REG_BEAR,2.0,5.0,58,25.9,28.35,0.489
USTCUSDT,REG_BULL,2.0,2.0,39,43.6,10.31,0.264
PARTIUSDT,HID_BULL,1.0,5.0,29,34.5,29.19,1.006
AERGOUSDT,REG_BEAR,1.5,6.0,64,23.4,35.73,0.558
PARTIUSDT,HID_BULL,1.0,6.0,29,27.6,25.19,0.869
CTSIUSDT,REG_BEAR,2.0,4.0,78,23.1,8.02,0.103
RDNTUSDT,REG_BEAR,2.0,6.0,80,23.8,48.81,0.61
RSRUSDT,REG_BEAR,2.0,4.0,76,30.3,35.35,0.465
RVNUSDT,REG_BEAR,2.0,6.0,58,24.1,36.35,0.627
PARTIUSDT,HID_BULL,1.0,7.0,29,27.6,33.19,1.144
AERGOUSDT,REG_BEAR,1.5,7.0,64,21.9,42.73,0.668
PARTIUSDT,HID_BULL,1.0,8.0,29,24.1,32.19,1.11
BBUSDT,HID_BEAR,1.5,2.0,88,40.9,16.0,0.182
PARTIUSDT,HID_BULL,1.0,9.0,29,20.7,29.19,1.006
RVNUSDT,REG_BEAR,2.0,7.0,58,22.4,42.35,0.73
PARTIUSDT,HID_BULL,1.0,10.0,29,20.7,35.19,1.213
AERGOUSDT,REG_BEAR,1.5,8.0,64,20.3,47.73,0.746
RSRUSDT,REG_BEAR,2.0,5.0,76,23.7,28.35,0.373
RDNTUSDT,REG_BEAR,2.0,7.0,80,21.2,51.81,0.648
PARTIUSDT,HID_BULL,1.5,1.5,29,51.7,7.29,0.251
ORCAUSDT,HID_BEAR,1.5,1.5,91,48.4,13.43,0.148
PARTIUSDT,HID_BULL,1.5,2.0,29,51.7,14.79,0.51
AERGOUSDT,REG_BEAR,1.5,9.0,64,20.3,60.73,0.949
PARTIUSDT,HID_BULL,1.5,3.0,29,44.8,21.79,0.751
RDNTUSDT,REG_BEAR,2.0,8.0,79,20.3,60.83,0.77
PARTIUSDT,HID_BULL,1.5,4.0,29,31.0,14.79,0.51
MANAUSDT,REG_BEAR,2.0,4.0,80,25.0,14.87,0.186
BBUSDT,HID_BEAR,1.5,4.0,88,28.4,33.0,0.375
PARTIUSDT,HID_BULL,1.5,5.0,29,27.6,17.79,0.614
PARTIUSDT,HID_BULL,1.5,6.0,29,20.7,11.79,0.407
PARTIUSDT,HID_BULL,1.5,7.0,29,20.7,17.79,0.614
PARTIUSDT,HID_BULL,1.5,8.0,29,20.7,23.79,0.82
BBUSDT,HID_BEAR,1.5,5.0,88,27.3,52.0,0.591
PARTIUSDT,HID_BULL,1.5,9.0,29,20.7,29.79,1.027
PARTIUSDT,HID_BULL,1.5,10.0,29,20.7,35.79,1.234
LINKUSDT,REG_BULL,1.0,2.0,86,40.7,9.83,0.114
PARTIUSDT,HID_BULL,2.0,1.5,29,58.6,12.59,0.434
BBUSDT,HID_BEAR,1.5,6.0,88,25.0,62.0,0.705
PARTIUSDT,HID_BULL,2.0,2.0,29,51.7,15.09,0.52
PARTIUSDT,HID_BULL,2.0,3.0,29,41.4,18.09,0.624
PARTIUSDT,HID_BULL,2.0,4.0,28,28.6,11.1,0.396
PARTIUSDT,HID_BULL,2.0,5.0,28,25.0,13.1,0.468
BBUSDT,HID_BEAR,1.5,7.0,88,23.9,76.0,0.864
DENTUSDT,REG_BEAR,2.0,5.0,84,20.2,12.95,0.154
AERGOUSDT,REG_BEAR,2.0,4.0,64,29.7,27.04,0.423
PARTIUSDT,HID_BULL,2.0,6.0,28,25.0,20.1,0.718
PARTIUSDT,HID_BULL,2.0,7.0,28,25.0,27.1,0.968
INJUSDT,REG_BULL,2.0,4.0,78,23.1,9.17,0.118
LSKUSDT,HID_BEAR,1.0,1.5,104,49.0,12.54,0.121
PARTIUSDT,HID_BULL,2.0,8.0,28,25.0,34.1,1.218
LINKUSDT,REG_BULL,1.0,4.0,86,25.6,14.83,0.172
AERGOUSDT,REG_BEAR,2.0,5.0,64,26.6,34.04,0.532
BBUSDT,HID_BEAR,1.5,8.0,88,20.5,70.0,0.795
USTCUSDT,REG_BEAR,1.0,5.0,56,21.4,11.43,0.204
PARTIUSDT,HID_BULL,2.0,9.0,28,25.0,41.1,1.468
PARTIUSDT,HID_BULL,2.0,10.0,28,21.4,37.1,1.325
USTCUSDT,REG_BEAR,1.0,6.0,56,21.4,23.43,0.418
AERGOUSDT,REG_BEAR,2.0,6.0,64,25.0,44.04,0.688
LINKUSDT,REG_BULL,1.0,5.0,86,23.3,24.83,0.289
LSKUSDT,HID_BEAR,1.0,2.0,104,41.3,14.04,0.135
AERGOUSDT,REG_BEAR,2.0,7.0,64,23.4,52.04,0.813
AERGOUSDT,REG_BEAR,2.0,8.0,64,21.9,58.04,0.907
BBUSDT,HID_BEAR,2.0,1.5,88,47.7,14.0,0.159
AERGOUSDT,REG_BEAR,2.0,9.0,64,20.3,62.04,0.969
UNIUSDT,REG_BEAR,2.0,1.5,73,46.6,7.74,0.106
STGUSDT,HID_BULL,1.0,5.0,137,21.2,21.13,0.154
ZILUSDT,REG_BULL,1.0,4.0,64,25.0,9.11,0.142
AERGOUSDT,REG_BEAR,2.0,10.0,64,20.3,75.04,1.173
BBUSDT,HID_BEAR,2.0,2.0,88,43.2,23.0,0.261
USTCUSDT,REG_BEAR,1.5,1.5,56,46.4,5.96,0.106
ZILUSDT,REG_BULL,1.0,5.0,64,21.9,13.11,0.205
USTCUSDT,REG_BEAR,1.5,2.0,56,41.1,9.96,0.178
MANAUSDT,HID_BULL,1.0,2.0,130,40.8,14.9,0.115
ORCAUSDT,HID_BEAR,2.0,1.5,91,46.2,9.82,0.108
BBUSDT,HID_BEAR,2.0,4.0,88,31.8,49.0,0.557
USTCUSDT,REG_BEAR,1.5,4.0,56,25.0,10.96,0.196
USTCUSDT,REG_BEAR,1.5,5.0,56,21.4,12.96,0.231
BBUSDT,HID_BEAR,2.0,5.0,88,29.5,65.0,0.739
LINKUSDT,REG_BULL,1.5,1.5,86,48.8,12.89,0.15
BBUSDT,HID_BEAR,2.0,6.0,88,26.1,70.0,0.795
MANAUSDT,HID_BULL,1.0,4.0,130,27.7,35.9,0.276
BBUSDT,HID_BEAR,2.0,7.0,87,23.0,70.02,0.805
OMUSDT,HID_BEAR,1.5,1.5,115,48.7,18.07,0.157
MANAUSDT,HID_BULL,1.0,5.0,130,25.4,53.9,0.415
OMUSDT,HID_BEAR,1.5,2.0,115,41.7,22.07,0.192
MANAUSDT,HID_BULL,1.0,6.0,130,24.6,79.9,0.615
LSKUSDT,HID_BEAR,1.5,1.5,104,52.9,26.2,0.252
ZILUSDT,REG_BULL,1.5,4.0,64,28.1,21.41,0.335
ZILUSDT,REG_BULL,1.5,5.0,64,25.0,27.41,0.428
LSKUSDT,HID_BEAR,1.5,2.0,104,44.2,26.7,0.257
ZILUSDT,REG_BULL,1.5,6.0,64,21.9,29.41,0.46
OMUSDT,HID_BEAR,1.5,4.0,115,25.2,23.07,0.201
ZILUSDT,REG_BULL,1.5,7.0,64,20.3,35.41,0.553
OMUSDT,HID_BEAR,1.5,5.0,115,21.7,28.07,0.244
LSKUSDT,HID_BEAR,1.5,4.0,104,27.9,33.7,0.324
LSKUSDT,HID_BEAR,1.5,5.0,104,26.0,50.7,0.487
OMUSDT,HID_BEAR,1.5,6.0,115,20.0,39.07,0.34
DGBUSDT,REG_BULL,1.0,4.0,65,30.8,28.45,0.438
DGBUSDT,REG_BULL,1.0,5.0,65,29.2,42.45,0.653
ZILUSDT,REG_BULL,2.0,1.5,64,46.9,7.56,0.118
LSKUSDT,HID_BEAR,1.5,6.0,104,26.0,77.7,0.747
LINKUSDT,REG_BULL,2.0,1.5,86,46.5,9.41,0.109
DGBUSDT,REG_BULL,1.0,6.0,65,26.2,47.45,0.73
ZILUSDT,REG_BULL,2.0,2.0,64,43.8,16.56,0.259
LSKUSDT,HID_BEAR,1.5,7.0,104,24.0,88.7,0.853
DGBUSDT,REG_BULL,1.0,7.0,65,21.5,40.45,0.622
MANAUSDT,HID_BULL,1.5,1.5,130,48.5,18.1,0.139
DGBUSDT,REG_BULL,1.0,8.0,65,20.0,45.45,0.699
LSKUSDT,HID_BEAR,1.5,8.0,104,22.1,95.7,0.92
ZILUSDT,REG_BULL,2.0,4.0,64,28.1,22.56,0.352
ZILUSDT,REG_BULL,2.0,5.0,64,25.0,28.56,0.446
MANAUSDT,HID_BULL,1.5,2.0,130,42.3,25.6,0.197
ORBSUSDT,HID_BEAR,1.5,2.0,101,40.6,14.13,0.14
LSKUSDT,HID_BEAR,1.5,9.0,104,21.2,108.7,1.045
LSKUSDT,HID_BEAR,1.5,10.0,104,20.2,119.7,1.151
OMUSDT,HID_BEAR,2.0,1.5,115,49.6,22.3,0.194
AVAAIUSDT,REG_BEAR,1.5,4.0,32,25.0,6.82,0.213
LSKUSDT,HID_BEAR,2.0,1.5,104,48.1,15.52,0.149
AVAAIUSDT,REG_BEAR,1.5,5.0,32,25.0,14.82,0.463
AVAAIUSDT,REG_BEAR,1.5,6.0,32,21.9,15.82,0.494
DGBUSDT,REG_BULL,1.5,4.0,65,29.2,25.63,0.394
MANAUSDT,HID_BULL,1.5,4.0,130,32.3,70.6,0.543
LSKUSDT,HID_BEAR,2.0,2.0,104,41.3,19.52,0.188
DUSKUSDT,REG_BULL,1.0,2.0,71,43.7,15.86,0.223
DGBUSDT,REG_BULL,1.5,5.0,65,23.1,20.63,0.317
DGBUSDT,REG_BULL,1.5,6.0,65,20.0,21.63,0.333
MANAUSDT,HID_BULL,1.5,5.0,130,24.6,52.6,0.405
JCTUSDT,HID_BULL,1.0,1.5,11,54.5,3.31,0.301
AVAAIUSDT,REG_BEAR,2.0,4.0,32,28.1,12.12,0.379
AVAAIUSDT,REG_BEAR,2.0,5.0,32,21.9,9.12,0.285
OMUSDT,HID_BEAR,2.0,4.0,115,24.3,19.8,0.172
JCTUSDT,HID_BULL,2.0,1.5,11,54.5,3.65,0.332
LSKUSDT,HID_BEAR,2.0,4.0,104,29.8,45.52,0.438
JCTUSDT,HID_BULL,2.0,2.0,11,45.5,3.65,0.332
MANAUSDT,HID_BULL,1.5,6.0,130,23.8,77.6,0.597
OMUSDT,HID_BEAR,2.0,5.0,115,21.7,29.8,0.259
LSKUSDT,HID_BEAR,2.0,5.0,104,28.8,70.52,0.678
PUMPFUNUSDT,REG_BEAR,1.0,1.5,21,47.6,2.88,0.137
PUMPFUNUSDT,REG_BEAR,1.0,2.0,21,42.9,4.88,0.232
MANAUSDT,HID_BULL,1.5,7.0,130,22.3,92.6,0.712
PUMPFUNUSDT,REG_BEAR,1.0,4.0,21,23.8,2.88,0.137
LSKUSDT,HID_BEAR,2.0,6.0,104,25.0,72.52,0.697
DGBUSDT,REG_BULL,2.0,1.5,65,46.2,6.73,0.103
DENTUSDT,HID_BULL,1.5,5.0,141,20.6,22.58,0.16
DGBUSDT,REG_BULL,2.0,2.0,65,43.1,15.73,0.242
PUMPFUNUSDT,REG_BEAR,1.5,1.5,21,52.4,5.75,0.274
LSKUSDT,HID_BEAR,2.0,7.0,104,24.0,90.52,0.87
PUMPFUNUSDT,REG_BEAR,1.5,2.0,21,42.9,5.25,0.25
LINKUSDT,REG_BEAR,1.0,4.0,75,26.7,15.09,0.201
LSKUSDT,HID_BEAR,2.0,8.0,104,21.2,88.52,0.851
ORBSUSDT,HID_BEAR,2.0,1.5,101,46.5,10.6,0.105
DGBUSDT,REG_BULL,2.0,4.0,65,29.2,26.73,0.411
PUMPFUNUSDT,REG_BEAR,2.0,1.5,21,47.6,3.44,0.164
DGBUSDT,REG_BULL,2.0,5.0,65,23.1,21.73,0.334
AVAAIUSDT,HID_BULL,1.5,4.0,34,23.5,4.96,0.146
AVAAIUSDT,HID_BULL,1.5,5.0,34,23.5,12.96,0.381
DGBUSDT,REG_BULL,2.0,6.0,65,23.1,36.73,0.565
PUMPFUNUSDT,HID_BULL,1.0,4.0,28,28.6,10.61,0.379
PUMPFUNUSDT,HID_BULL,1.0,5.0,28,25.0,12.61,0.45
PUMPFUNUSDT,HID_BULL,1.0,6.0,28,25.0,19.61,0.7
INJUSDT,HID_BULL,1.0,4.0,144,23.6,14.62,0.101
MANAUSDT,HID_BULL,2.0,1.5,130,48.5,20.45,0.157
PUMPFUNUSDT,HID_BULL,1.0,7.0,28,25.0,26.61,0.95
PUMPFUNUSDT,HID_BULL,1.0,8.0,28,25.0,33.61,1.2
PUMPFUNUSDT,HID_BULL,1.0,9.0,28,25.0,40.61,1.45
PUMPFUNUSDT,HID_BULL,1.0,10.0,28,21.4,36.61,1.307
AVAAIUSDT,HID_BULL,2.0,4.0,34,29.4,15.22,0.448
PUMPFUNUSDT,HID_BULL,1.5,4.0,28,25.0,6.07,0.217
MANAUSDT,HID_BULL,2.0,2.0,130,42.3,27.95,0.215
INJUSDT,HID_BULL,1.0,5.0,144,20.8,24.62,0.171
PUMPFUNUSDT,HID_BULL,1.5,5.0,28,25.0,13.07,0.467
PUMPFUNUSDT,HID_BULL,1.5,6.0,28,25.0,20.07,0.717
PUMPFUNUSDT,HID_BULL,1.5,7.0,28,21.4,19.07,0.681
PUMPFUNUSDT,HID_BULL,1.5,8.0,28,21.4,25.07,0.895
PUMPFUNUSDT,HID_BULL,2.0,1.5,28,46.4,3.8,0.136
USTCUSDT,HID_BULL,2.0,4.0,82,25.6,19.13,0.233
PUMPFUNUSDT,HID_BULL,2.0,4.0,28,32.1,16.3,0.582
AVAAIUSDT,HID_BEAR,1.0,1.5,58,48.3,9.3,0.16
PUMPFUNUSDT,HID_BULL,2.0,5.0,28,25.0,13.3,0.475
PUMPFUNUSDT,HID_BULL,2.0,6.0,28,25.0,20.3,0.725
AVAAIUSDT,HID_BEAR,1.0,2.0,57,40.4,9.34,0.164
MANAUSDT,HID_BULL,2.0,4.0,130,27.7,42.95,0.33
DUSKUSDT,REG_BULL,2.0,1.5,71,46.5,8.43,0.119
MANAUSDT,HID_BULL,2.0,5.0,130,26.9,72.95,0.561
ETCUSDT,REG_BULL,1.0,5.0,79,20.3,8.07,0.102
MANAUSDT,HID_BULL,2.0,6.0,130,22.3,65.95,0.507
C98USDT,HID_BEAR,1.0,1.5,116,48.3,13.88,0.12
MANAUSDT,HID_BULL,2.0,7.0,130,20.0,70.95,0.546
DENTUSDT,HID_BULL,2.0,4.0,141,24.8,26.19,0.186
DENTUSDT,HID_BULL,2.0,5.0,141,22.7,43.19,0.306
ZILUSDT,REG_BEAR,2.0,4.0,82,26.8,22.55,0.275
C98USDT,HID_BEAR,1.0,4.0,116,25.0,18.88,0.163
DENTUSDT,HID_BULL,2.0,6.0,141,22.7,75.19,0.533
ZILUSDT,REG_BEAR,2.0,5.0,82,23.2,26.55,0.324
ETCUSDT,REG_BULL,1.5,4.0,79,27.8,25.05,0.317
KASUSDT,HID_BEAR,1.5,5.0,130,20.0,18.25,0.14
XTZUSDT,REG_BULL,1.0,5.0,67,22.4,15.35,0.229
ETCUSDT,REG_BULL,1.5,5.0,79,25.3,35.05,0.444
XTZUSDT,REG_BULL,1.0,6.0,67,20.9,23.35,0.348
AVAAIUSDT,HID_BEAR,2.0,4.0,57,24.6,11.67,0.205
ATOMUSDT,REG_BULL,1.0,1.5,72,50.0,10.43,0.145
ETCUSDT,REG_BULL,1.5,6.0,79,20.3,27.05,0.342
AVAAIUSDT,HID_BEAR,2.0,5.0,57,21.1,13.67,0.24
ATOMUSDT,REG_BULL,1.0,2.0,72,40.3,7.43,0.103
INJUSDT,HID_BULL,1.5,5.0,144,20.1,22.41,0.156
ATOMUSDT,REG_BULL,1.0,4.0,72,26.4,15.43,0.214
ATOMUSDT,REG_BULL,1.0,5.0,72,20.8,10.43,0.145
EDENUSDT,REG_BEAR,1.0,1.5,14,50.0,2.71,0.194
EDENUSDT,REG_BEAR,1.0,2.0,14,50.0,6.21,0.444
EDENUSDT,REG_BEAR,1.0,4.0,14,28.6,5.21,0.372
EDENUSDT,REG_BEAR,1.0,5.0,14,21.4,3.21,0.23
XTZUSDT,REG_BULL,1.5,4.0,67,25.4,12.9,0.193
EDENUSDT,REG_BEAR,1.0,6.0,14,21.4,6.21,0.444
EDENUSDT,REG_BEAR,1.0,7.0,14,21.4,9.21,0.658
EDENUSDT,REG_BEAR,1.0,8.0,14,21.4,12.21,0.872
EDENUSDT,REG_BEAR,1.0,9.0,14,21.4,15.21,1.087
EDENUSDT,REG_BEAR,1.0,10.0,14,21.4,18.21,1.301
EDENUSDT,REG_BEAR,1.5,1.5,14,64.3,7.98,0.57
EDENUSDT,REG_BEAR,1.5,2.0,14,50.0,6.48,0.463
EDENUSDT,REG_BEAR,1.5,4.0,14,28.6,5.48,0.391
EDENUSDT,REG_BEAR,1.5,5.0,14,28.6,9.48,0.677
EDENUSDT,REG_BEAR,1.5,6.0,14,28.6,13.48,0.963
EDENUSDT,REG_BEAR,1.5,7.0,14,28.6,17.48,1.248
DENTUSDT,HID_BEAR,1.0,2.0,133,42.1,21.03,0.158
EDENUSDT,REG_BEAR,1.5,8.0,14,28.6,21.48,1.534
LINKUSDT,HID_BULL,1.0,4.0,127,24.4,13.8,0.109
EDENUSDT,REG_BEAR,1.5,9.0,14,28.6,25.48,1.82
EDENUSDT,REG_BEAR,1.5,10.0,13,23.1,19.53,1.502
EDENUSDT,REG_BEAR,2.0,1.5,14,57.1,5.61,0.4
EDENUSDT,REG_BEAR,2.0,2.0,14,42.9,3.61,0.258
EDENUSDT,REG_BEAR,2.0,4.0,14,35.7,10.61,0.758
EDENUSDT,REG_BEAR,2.0,5.0,14,35.7,15.61,1.115
EDENUSDT,REG_BEAR,2.0,6.0,14,35.7,20.61,1.472
EDENUSDT,REG_BEAR,2.0,7.0,13,30.8,18.64,1.434
EDENUSDT,REG_BEAR,2.0,8.0,13,30.8,22.64,1.742
EDENUSDT,REG_BEAR,2.0,9.0,12,25.0,17.67,1.472
ETCUSDT,REG_BULL,2.0,4.0,79,30.4,36.53,0.462
ATOMUSDT,REG_BULL,1.5,1.5,72,47.2,7.95,0.11
ETCUSDT,REG_BULL,2.0,5.0,79,24.1,30.53,0.387
EDENUSDT,HID_BEAR,1.0,1.5,25,52.0,6.09,0.244
ATOMUSDT,REG_BULL,1.5,2.0,72,40.3,9.95,0.138
EDENUSDT,HID_BEAR,1.0,2.0,25,48.0,9.59,0.384
EDENUSDT,HID_BEAR,1.0,3.0,25,40.0,13.59,0.544
DENTUSDT,HID_BEAR,1.0,4.0,133,24.8,18.03,0.136
EDENUSDT,HID_BEAR,1.0,4.0,25,24.0,3.59,0.144
EDENUSDT,HID_BEAR,1.0,5.0,25,24.0,9.59,0.384
EDENUSDT,HID_BEAR,1.0,6.0,25,24.0,15.59,0.624
EDENUSDT,HID_BEAR,1.0,7.0,25,24.0,21.59,0.864
EDENUSDT,HID_BEAR,1.0,8.0,25,24.0,27.59,1.104
EDENUSDT,HID_BEAR,1.0,9.0,25,24.0,33.59,1.344
EDENUSDT,HID_BEAR,1.0,10.0,25,24.0,39.59,1.584
EDENUSDT,HID_BEAR,1.5,1.5,25,56.0,9.06,0.363
ATOMUSDT,REG_BULL,1.5,4.0,72,23.6,7.95,0.11
EDENUSDT,HID_BEAR,1.5,2.0,25,48.0,10.06,0.403
DENTUSDT,HID_BEAR,1.0,5.0,133,21.8,27.03,0.203
EDENUSDT,HID_BEAR,1.5,4.0,25,32.0,14.06,0.563
EDENUSDT,HID_BEAR,1.5,5.0,25,32.0,22.06,0.883
EDENUSDT,HID_BEAR,1.5,6.0,25,32.0,30.06,1.203
KASUSDT,HID_BEAR,2.0,4.0,130,24.6,24.19,0.186
EDENUSDT,HID_BEAR,1.5,7.0,25,28.0,30.06,1.203
EDENUSDT,HID_BEAR,1.5,8.0,25,28.0,37.06,1.483
EDENUSDT,HID_BEAR,1.5,9.0,25,28.0,44.06,1.763
RVNUSDT,HID_BEAR,2.0,1.5,108,47.2,13.73,0.127
EDENUSDT,HID_BEAR,1.5,10.0,24,20.8,30.08,1.253
EDENUSDT,HID_BEAR,2.0,1.5,25,56.0,9.3,0.372
DYMUSDT,REG_BEAR,1.0,4.0,59,27.1,16.52,0.28
KASUSDT,HID_BEAR,2.0,5.0,130,22.3,38.19,0.294
EDENUSDT,HID_BEAR,2.0,4.0,25,32.0,14.3,0.572
EDENUSDT,HID_BEAR,2.0,5.0,25,32.0,22.3,0.892
EDENUSDT,HID_BEAR,2.0,6.0,25,28.0,23.3,0.932
DYMUSDT,REG_BEAR,1.0,5.0,59,23.7,20.52,0.348
EDENUSDT,HID_BEAR,2.0,7.0,25,24.0,22.3,0.892
EDENUSDT,HID_BEAR,2.0,8.0,24,20.8,20.31,0.846
DYMUSDT,REG_BEAR,1.0,6.0,59,20.3,20.52,0.348
KASUSDT,HID_BEAR,2.0,6.0,130,20.0,46.19,0.355
RVNUSDT,HID_BEAR,2.0,4.0,108,26.9,31.23,0.289
RVNUSDT,HID_BEAR,2.0,5.0,107,20.6,19.27,0.18
DYMUSDT,REG_BEAR,1.5,1.5,59,49.2,10.52,0.178
SCUSDT,REG_BULL,1.5,1.5,50,48.0,6.02,0.12
DGBUSDT,HID_BULL,1.0,5.0,113,21.2,18.87,0.167
DYMUSDT,REG_BEAR,1.5,2.0,59,44.1,16.02,0.271
STGUSDT,HID_BEAR,1.5,4.0,153,24.2,19.94,0.13
SCUSDT,REG_BULL,1.5,2.0,50,42.0,9.02,0.18
TURTLEUSDT,HID_BEAR,1.0,4.0,16,25.0,2.8,0.175
TURTLEUSDT,HID_BEAR,1.0,5.0,16,25.0,6.8,0.425
DYMUSDT,REG_BEAR,1.5,4.0,59,28.8,23.02,0.39
SCUSDT,REG_BULL,1.5,4.0,50,34.0,31.02,0.62
DYMUSDT,REG_BEAR,1.5,5.0,59,22.0,16.02,0.271
STGUSDT,HID_BEAR,1.5,5.0,153,22.9,44.94,0.294
SCUSDT,REG_BULL,1.5,5.0,50,28.0,30.02,0.6
DYMUSDT,REG_BEAR,1.5,6.0,59,20.3,22.02,0.373
LINKUSDT,HID_BULL,1.5,4.0,127,23.6,13.54,0.107
SCUSDT,REG_BULL,1.5,6.0,50,26.0,37.02,0.74
SCUSDT,REG_BULL,1.5,7.0,50,24.0,42.02,0.84
DENTUSDT,HID_BEAR,1.5,2.0,133,40.6,19.69,0.148
STGUSDT,HID_BEAR,1.5,6.0,153,20.3,51.94,0.339
SCUSDT,REG_BULL,1.5,8.0,50,24.0,54.02,1.08
LINKUSDT,HID_BULL,1.5,5.0,127,21.3,25.54,0.201
SCUSDT,REG_BULL,1.5,9.0,50,24.0,66.02,1.32
C98USDT,HID_BEAR,2.0,4.0,116,24.1,18.94,0.163
SCUSDT,REG_BULL,1.5,10.0,50,24.0,78.02,1.56
DYMUSDT,REG_BEAR,2.0,1.5,59,49.2,11.26,0.191
DYMUSDT,REG_BEAR,2.0,2.0,59,45.8,19.76,0.335
RSRUSDT,HID_BEAR,1.5,4.0,154,26.0,36.34,0.236
C98USDT,HID_BEAR,2.0,5.0,116,20.7,22.94,0.198
SCUSDT,REG_BULL,2.0,2.0,50,40.0,7.01,0.14
DENTUSDT,HID_BEAR,1.5,4.0,133,25.6,27.69,0.208
PHBUSDT,REG_BEAR,1.5,4.0,90,23.3,9.72,0.108
DYMUSDT,REG_BEAR,2.0,4.0,59,27.1,18.76,0.318
SCUSDT,REG_BULL,2.0,4.0,50,30.0,22.01,0.44
RSRUSDT,HID_BEAR,1.5,5.0,154,21.4,34.34,0.223
DYMUSDT,REG_BEAR,2.0,5.0,59,25.4,28.76,0.487
ETCUSDT,REG_BEAR,1.5,4.0,81,27.2,20.26,0.25
SCUSDT,REG_BULL,2.0,5.0,50,26.0,25.01,0.5
DENTUSDT,HID_BEAR,1.5,5.0,133,23.3,43.69,0.328
PHBUSDT,REG_BEAR,1.5,5.0,90,20.0,12.72,0.141
DYMUSDT,REG_BEAR,2.0,6.0,59,23.7,36.76,0.623
SCUSDT,REG_BULL,2.0,6.0,50,26.0,38.01,0.76
ETCUSDT,REG_BEAR,1.5,5.0,81,23.5,24.26,0.299
DYMUSDT,REG_BEAR,2.0,7.0,59,23.7,50.76,0.86
OGUSDT,HID_BULL,1.5,4.0,113,24.8,18.99,0.168
SCUSDT,REG_BULL,2.0,7.0,50,26.0,51.01,1.02
DENTUSDT,HID_BEAR,1.5,6.0,133,21.1,53.69,0.404
DYMUSDT,REG_BEAR,2.0,8.0,59,23.7,64.76,1.098
SCUSDT,REG_BULL,2.0,8.0,50,24.0,55.01,1.1
COOKUSDT,REG_BEAR,1.0,5.0,32,21.9,6.85,0.214
DYMUSDT,REG_BEAR,2.0,9.0,59,23.7,78.76,1.335
OGUSDT,HID_BULL,1.5,5.0,113,22.1,28.99,0.257
COOKUSDT,REG_BEAR,1.0,6.0,32,21.9,13.85,0.433
SCUSDT,REG_BULL,2.0,9.0,50,24.0,67.01,1.34
XTZUSDT,REG_BEAR,1.5,4.0,73,24.7,10.22,0.14
DYMUSDT,REG_BEAR,2.0,10.0,59,22.0,81.76,1.386
SCUSDT,REG_BULL,2.0,10.0,50,24.0,79.01,1.58
DGBUSDT,HID_BULL,1.5,4.0,113,23.9,13.92,0.123
XTZUSDT,REG_BEAR,1.5,5.0,73,24.7,28.22,0.387
QNTUSDT,REG_BULL,1.0,4.0,55,25.5,8.49,0.154
OGUSDT,HID_BULL,1.5,6.0,113,20.4,39.99,0.354
COOKUSDT,REG_BEAR,1.5,1.5,32,50.0,5.9,0.184
QNTUSDT,REG_BULL,1.0,5.0,55,25.5,22.49,0.409
XTZUSDT,REG_BEAR,1.5,6.0,73,20.5,25.22,0.345
DUSKUSDT,HID_BULL,1.0,4.0,152,28.3,49.71,0.327
QNTUSDT,REG_BULL,1.0,6.0,55,20.0,15.49,0.282
COOKUSDT,REG_BEAR,1.5,4.0,32,28.1,10.9,0.341
COOKUSDT,REG_BEAR,1.5,5.0,32,21.9,7.9,0.247
QNTUSDT,REG_BULL,1.0,7.0,55,20.0,26.49,0.482
COOKUSDT,REG_BEAR,1.5,6.0,32,21.9,14.9,0.466
UNIUSDT,HID_BEAR,2.0,1.5,126,48.4,19.79,0.157
COOKUSDT,REG_BEAR,1.5,7.0,32,21.9,21.9,0.684
DUSKUSDT,HID_BULL,1.0,5.0,152,27.0,80.71,0.531
PIXELUSDT,REG_BULL,2.0,1.5,33,45.5,3.38,0.102
SCUSDT,REG_BEAR,1.0,5.0,61,21.3,8.47,0.139
SCUSDT,REG_BEAR,1.0,6.0,61,21.3,21.47,0.352
JSTUSDT,REG_BULL,1.0,4.0,67,26.9,8.11,0.121
DUSKUSDT,HID_BULL,1.0,6.0,152,23.7,86.71,0.57
MANAUSDT,HID_BEAR,2.0,4.0,133,23.3,14.6,0.11
COOKUSDT,REG_BEAR,2.0,5.0,32,21.9,8.42,0.263
JSTUSDT,REG_BULL,1.0,5.0,67,23.9,14.11,0.211
JSTUSDT,REG_BULL,1.0,6.0,67,22.4,23.11,0.345
PHBUSDT,REG_BEAR,2.0,4.0,90,23.3,11.04,0.123
MANAUSDT,HID_BEAR,2.0,5.0,133,21.8,33.6,0.253
DUSKUSDT,HID_BULL,1.0,7.0,152,22.4,106.71,0.702
STGUSDT,HID_BEAR,2.0,4.0,153,28.1,52.95,0.346
QNTUSDT,REG_BULL,1.5,5.0,55,21.8,12.66,0.23
PHBUSDT,REG_BEAR,2.0,5.0,90,21.1,20.04,0.223
RSRUSDT,HID_BEAR,2.0,1.5,154,46.1,16.26,0.106
XTZUSDT,REG_BEAR,2.0,4.0,73,27.4,21.91,0.3
MANAUSDT,HID_BEAR,2.0,6.0,133,20.3,48.6,0.365
JUPUSDT,REG_BULL,1.0,4.0,53,24.5,8.0,0.151
STGUSDT,HID_BEAR,2.0,5.0,153,24.2,59.95,0.392
JUPUSDT,REG_BULL,1.0,5.0,53,22.6,15.0,0.283
JUPUSDT,REG_BULL,1.0,6.0,53,20.8,20.0,0.377
SCUSDT,REG_BEAR,1.5,5.0,61,21.3,11.31,0.185
DENTUSDT,HID_BEAR,2.0,4.0,133,26.3,35.01,0.263
GRTUSDT,REG_BULL,1.0,1.5,75,70.7,50.58,0.674
STGUSDT,HID_BEAR,2.0,6.0,153,22.2,75.95,0.496
OGUSDT,HID_BULL,2.0,4.0,113,26.5,30.99,0.274
GRTUSDT,REG_BULL,1.0,2.0,75,64.0,62.08,0.828
1000BTTUSDT,REG_BULL,1.0,4.0,56,26.8,9.42,0.168
GRTUSDT,REG_BULL,1.0,3.0,75,62.7,106.08,1.414
COOKUSDT,HID_BULL,1.5,5.0,35,20.0,4.97,0.142
OGUSDT,HID_BULL,2.0,5.0,113,22.1,30.99,0.274
DENTUSDT,HID_BEAR,2.0,5.0,132,23.5,47.04,0.356
COOKUSDT,HID_BULL,1.5,6.0,35,20.0,11.97,0.342
STGUSDT,HID_BEAR,2.0,7.0,153,20.9,93.95,0.614
JSTUSDT,REG_BULL,1.5,4.0,67,25.4,8.08,0.121
1000BTTUSDT,REG_BULL,1.0,5.0,56,23.2,12.42,0.222
GRTUSDT,REG_BULL,1.0,4.0,75,61.3,148.08,1.974
RSRUSDT,HID_BEAR,2.0,4.0,154,26.0,38.76,0.252
GRTUSDT,REG_BULL,1.0,5.0,75,54.7,164.08,2.188
OGUSDT,HID_BULL,2.0,6.0,113,20.4,41.99,0.372
DENTUSDT,HID_BEAR,2.0,6.0,132,21.2,57.04,0.432
GRTUSDT,REG_BULL,1.0,6.0,75,52.0,191.08,2.548
JUPUSDT,REG_BULL,1.5,4.0,53,24.5,9.33,0.176
GRTUSDT,REG_BULL,1.0,7.0,75,52.0,230.08,3.068
RSRUSDT,HID_BEAR,2.0,5.0,154,22.1,42.76,0.278
XDCUSDT,REG_BEAR,1.5,4.0,24,25.0,3.72,0.155
JUPUSDT,REG_BULL,1.5,5.0,53,22.6,16.33,0.308
OGUSDT,HID_BULL,2.0,7.0,113,20.4,64.99,0.575
XDCUSDT,REG_BEAR,1.5,5.0,24,25.0,9.72,0.405
XDCUSDT,REG_BEAR,1.5,6.0,24,25.0,15.72,0.655
GRTUSDT,REG_BULL,1.0,8.0,75,52.0,269.08,3.588
COOKUSDT,HID_BULL,2.0,4.0,35,25.7,8.48,0.242
XDCUSDT,REG_BEAR,1.5,7.0,24,25.0,21.72,0.905
COOKUSDT,HID_BULL,2.0,5.0,35,25.7,17.48,0.499
XDCUSDT,REG_BEAR,1.5,8.0,24,20.8,18.72,0.78
GRTUSDT,REG_BULL,1.0,9.0,75,52.0,308.08,4.108
COOKUSDT,HID_BULL,2.0,6.0,35,22.9,19.48,0.557
COOKUSDT,HID_BULL,2.0,7.0,35,22.9,27.48,0.785
RSRUSDT,HID_BEAR,2.0,6.0,154,21.4,69.76,0.453
GRTUSDT,REG_BULL,1.0,10.0,75,50.7,336.08,4.481
SCUSDT,REG_BEAR,2.0,4.0,61,24.6,9.74,0.16
COOKUSDT,HID_BULL,2.0,8.0,35,22.9,35.48,1.014
COOKUSDT,HID_BULL,2.0,9.0,35,20.0,33.48,0.957
XDCUSDT,REG_BEAR,2.0,4.0,24,33.3,14.29,0.595
GRTUSDT,REG_BULL,1.5,1.5,75,65.3,42.89,0.572
SCUSDT,REG_BEAR,2.0,5.0,61,21.3,12.74,0.209
XDCUSDT,REG_BEAR,2.0,5.0,24,33.3,22.29,0.929
COOKUSDT,HID_BULL,2.0,10.0,35,20.0,40.48,1.157
XDCUSDT,REG_BEAR,2.0,6.0,24,29.2,23.29,0.97
GRTUSDT,REG_BULL,1.5,2.0,75,65.3,67.39,0.898
XDCUSDT,REG_BEAR,2.0,7.0,24,25.0,22.29,0.929
XDCUSDT,REG_BEAR,2.0,8.0,24,25.0,28.29,1.179
XDCUSDT,REG_BEAR,2.0,9.0,24,25.0,34.29,1.429
GRTUSDT,REG_BULL,1.5,3.0,75,58.7,96.39,1.285
RSRUSDT,HID_BEAR,2.0,7.0,154,20.1,86.76,0.563
1000BTTUSDT,REG_BULL,1.5,4.0,56,25.0,7.61,0.136
XDCUSDT,REG_BEAR,2.0,10.0,24,20.8,29.29,1.22
GRTUSDT,REG_BULL,1.5,4.0,75,54.7,125.39,1.672
JSTUSDT,REG_BULL,2.0,2.0,67,44.8,15.56,0.232
DUSKUSDT,HID_BULL,1.5,4.0,152,26.3,39.14,0.258
TAUSDT,HID_BULL,1.0,1.5,18,50.0,3.75,0.209
TAUSDT,HID_BULL,1.0,2.0,18,44.4,5.25,0.292
1000BTTUSDT,REG_BULL,1.5,5.0,56,21.4,9.61,0.172
TAUSDT,HID_BULL,1.0,4.0,18,38.9,16.25,0.903
GRTUSDT,REG_BULL,1.5,5.0,75,52.0,154.39,2.058
TAUSDT,HID_BULL,1.0,5.0,18,38.9,23.25,1.292
TAUSDT,HID_BULL,1.0,6.0,18,33.3,23.25,1.292
XDCUSDT,HID_BULL,1.0,4.0,32,28.1,7.84,0.245
TAUSDT,HID_BULL,1.0,7.0,18,33.3,29.25,1.625
TAUSDT,HID_BULL,1.0,8.0,18,33.3,35.25,1.959
CETUSUSDT,REG_BULL,1.0,1.5,34,47.1,3.63,0.107
TAUSDT,HID_BULL,1.0,9.0,18,33.3,41.25,2.292
GRTUSDT,REG_BULL,1.5,6.0,75,52.0,193.39,2.578
JUPUSDT,REG_BULL,2.0,4.0,53,24.5,10.0,0.189
TAUSDT,HID_BULL,1.0,10.0,18,33.3,47.25,2.625
TAUSDT,HID_BULL,1.5,1.5,18,50.0,4.0,0.222
CETUSUSDT,REG_BULL,1.0,2.0,34,44.1,8.63,0.254
TAUSDT,HID_BULL,1.5,2.0,18,44.4,5.5,0.306
JSTUSDT,REG_BULL,2.0,4.0,67,25.4,10.56,0.158
TAUSDT,HID_BULL,1.5,3.0,18,44.4,13.5,0.75
GRTUSDT,REG_BULL,1.5,7.0,75,50.7,224.39,2.992
DUSKUSDT,HID_BULL,1.5,5.0,152,23.7,55.14,0.363
TAUSDT,HID_BULL,1.5,4.0,18,33.3,11.5,0.639
TAUSDT,HID_BULL,1.5,5.0,18,33.3,17.5,0.972
TAUSDT,HID_BULL,1.5,6.0,18,33.3,23.5,1.306
CETUSUSDT,REG_BULL,1.0,4.0,34,26.5,8.63,0.254
TAUSDT,HID_BULL,1.5,7.0,18,33.3,29.5,1.639
GRTUSDT,REG_BULL,1.5,8.0,75,48.0,244.39,3.258
TAUSDT,HID_BULL,1.5,8.0,18,27.8,26.5,1.472
JSTUSDT,REG_BULL,2.0,5.0,67,20.9,9.56,0.143
TAUSDT,HID_BULL,1.5,9.0,18,27.8,31.5,1.75
CETUSUSDT,REG_BULL,1.0,5.0,34,23.5,11.63,0.342
TAUSDT,HID_BULL,1.5,10.0,18,27.8,36.5,2.028
TAUSDT,HID_BULL,2.0,1.5,18,50.0,4.13,0.229
GRTUSDT,REG_BULL,1.5,9.0,75,48.0,280.39,3.738
TAUSDT,HID_BULL,2.0,2.0,18,50.0,8.63,0.479
CETUSUSDT,REG_BULL,1.0,6.0,34,20.6,12.63,0.371
LINEAUSDT,REG_BEAR,1.0,1.5,10,60.0,4.19,0.419
LINEAUSDT,REG_BEAR,1.0,2.0,10,40.0,1.19,0.119
AVAUSDT,REG_BULL,1.0,4.0,24,25.0,3.98,0.166
TAUSDT,HID_BULL,2.0,4.0,18,38.9,16.63,0.924
LINEAUSDT,REG_BEAR,1.0,4.0,10,30.0,4.19,0.419
LINEAUSDT,REG_BEAR,1.0,5.0,10,30.0,7.19,0.719
TAUSDT,HID_BULL,2.0,5.0,18,38.9,23.63,1.313
LINEAUSDT,REG_BEAR,1.0,6.0,10,30.0,10.19,1.019
AVAUSDT,REG_BULL,1.0,5.0,24,25.0,9.98,0.416
LINEAUSDT,REG_BEAR,1.0,7.0,10,30.0,13.19,1.319
TAUSDT,HID_BULL,2.0,6.0,18,33.3,23.63,1.313
LINEAUSDT,REG_BEAR,1.0,8.0,10,30.0,16.19,1.619
GRTUSDT,REG_BULL,1.5,10.0,75,46.7,305.39,4.072
LINEAUSDT,REG_BEAR,1.0,9.0,10,30.0,19.19,1.919
TAUSDT,HID_BULL,2.0,7.0,18,33.3,29.63,1.646
DUSKUSDT,HID_BULL,1.5,6.0,152,20.4,56.14,0.369
LINEAUSDT,REG_BEAR,1.0,10.0,10,30.0,22.19,2.219
TAUSDT,HID_BULL,2.0,8.0,18,33.3,35.63,1.979
TAUSDT,HID_BULL,2.0,9.0,18,33.3,41.63,2.313
LINEAUSDT,REG_BEAR,1.5,4.0,10,30.0,4.46,0.446
TAUSDT,HID_BULL,2.0,10.0,18,33.3,47.63,2.646
LINEAUSDT,REG_BEAR,1.5,5.0,10,30.0,7.46,0.746
LINEAUSDT,REG_BEAR,1.5,6.0,10,30.0,10.46,1.046
GRTUSDT,REG_BULL,2.0,1.5,75,65.3,44.04,0.587
LINEAUSDT,REG_BEAR,1.5,7.0,10,30.0,13.46,1.346
LINEAUSDT,REG_BEAR,1.5,8.0,10,30.0,16.46,1.646
LINEAUSDT,REG_BEAR,1.5,9.0,10,30.0,19.46,1.946
LINEAUSDT,REG_BEAR,1.5,10.0,10,30.0,22.46,2.246
DYMUSDT,HID_BEAR,1.0,1.5,107,50.5,20.25,0.189
LINEAUSDT,REG_BEAR,2.0,2.0,10,40.0,1.59,0.159
LINEAUSDT,REG_BEAR,2.0,3.0,10,40.0,5.59,0.559
LINEAUSDT,REG_BEAR,2.0,4.0,10,40.0,9.59,0.959
GRTUSDT,REG_BULL,2.0,2.0,75,64.0,65.54,0.874
LINEAUSDT,REG_BEAR,2.0,5.0,10,30.0,7.59,0.759
CETUSUSDT,REG_BULL,1.5,1.5,34,50.0,6.92,0.203
LINEAUSDT,REG_BEAR,2.0,6.0,10,30.0,10.59,1.059
LINEAUSDT,REG_BEAR,2.0,7.0,10,30.0,13.59,1.359
LINEAUSDT,REG_BEAR,2.0,8.0,10,30.0,16.59,1.659
LINEAUSDT,REG_BEAR,2.0,9.0,10,30.0,19.59,1.959
LINEAUSDT,REG_BEAR,2.0,10.0,10,30.0,22.59,2.259
CETUSUSDT,REG_BULL,1.5,2.0,34,41.2,6.42,0.189
GRTUSDT,REG_BULL,2.0,3.0,75,54.7,85.54,1.141
DYMUSDT,HID_BEAR,1.0,2.0,107,44.9,29.25,0.273
GRTUSDT,REG_BULL,2.0,4.0,75,52.0,116.54,1.554
CETUSUSDT,REG_BULL,1.5,4.0,34,26.5,9.42,0.277
XDCUSDT,HID_BULL,2.0,2.0,32,43.8,7.42,0.232
CETUSUSDT,REG_BULL,1.5,5.0,34,23.5,12.42,0.365
GRTUSDT,REG_BULL,2.0,5.0,75,50.7,149.54,1.994
QNTUSDT,REG_BEAR,1.5,2.0,67,40.3,8.3,0.124
AVAUSDT,REG_BULL,2.0,1.5,24,45.8,2.49,0.104
GRTUSDT,REG_BULL,2.0,6.0,75,48.0,173.54,2.314
LINEAUSDT,HID_BEAR,1.0,5.0,23,21.7,5.32,0.231
LINEAUSDT,HID_BEAR,1.0,6.0,23,21.7,10.32,0.449
JUPUSDT,REG_BEAR,1.0,5.0,57,21.1,10.48,0.184
GRTUSDT,REG_BULL,2.0,7.0,75,46.7,201.54,2.687
LINEAUSDT,HID_BEAR,1.0,7.0,23,21.7,15.32,0.666
LINEAUSDT,HID_BEAR,1.0,8.0,23,21.7,20.32,0.883
QNTUSDT,REG_BEAR,1.5,4.0,67,26.9,17.3,0.258
GRTUSDT,REG_BULL,2.0,8.0,75,45.3,227.54,3.034
CETUSUSDT,REG_BULL,2.0,1.5,34,50.0,7.31,0.215
QNTUSDT,REG_BEAR,1.5,5.0,67,25.4,29.3,0.437
LINEAUSDT,HID_BEAR,1.5,4.0,23,30.4,10.88,0.473
XDCUSDT,HID_BEAR,1.0,1.5,54,55.6,11.72,0.217
GRTUSDT,REG_BULL,2.0,9.0,75,45.3,261.54,3.487
LINEAUSDT,HID_BEAR,1.5,5.0,23,26.1,11.88,0.516
LINEAUSDT,HID_BEAR,1.5,6.0,22,22.7,11.93,0.542
TAUSDT,HID_BEAR,2.0,4.0,28,25.0,6.27,0.224
LINEAUSDT,HID_BEAR,1.5,7.0,22,22.7,16.93,0.77
XDCUSDT,HID_BEAR,1.0,2.0,54,50.0,17.72,0.328
TAUSDT,HID_BEAR,2.0,5.0,28,21.4,7.27,0.259
GRTUSDT,REG_BULL,2.0,10.0,75,45.3,295.54,3.941
LINEAUSDT,HID_BEAR,1.5,8.0,22,22.7,21.93,0.997
QNTUSDT,REG_BEAR,1.5,6.0,67,20.9,25.3,0.378
TAUSDT,HID_BEAR,2.0,6.0,28,21.4,13.27,0.474
LINEAUSDT,HID_BEAR,1.5,9.0,22,22.7,26.93,1.224
CETUSUSDT,REG_BULL,2.0,4.0,34,23.5,4.81,0.142
XDCUSDT,HID_BEAR,1.0,3.0,54,42.6,28.72,0.532
LINEAUSDT,HID_BEAR,1.5,10.0,22,22.7,31.93,1.452
XDCUSDT,HID_BEAR,1.0,4.0,54,29.6,16.72,0.31
AVAUSDT,REG_BEAR,1.0,4.0,32,25.0,4.72,0.147
LINEAUSDT,HID_BEAR,2.0,4.0,23,30.4,11.16,0.485
AVAUSDT,REG_BEAR,1.0,5.0,32,21.9,6.72,0.21
LINEAUSDT,HID_BEAR,2.0,5.0,22,27.3,13.2,0.6
XDCUSDT,HID_BEAR,1.0,5.0,54,25.9,20.72,0.384
LINEAUSDT,HID_BEAR,2.0,6.0,22,27.3,19.2,0.873
LINEAUSDT,HID_BEAR,2.0,7.0,22,27.3,25.2,1.145
LINEAUSDT,HID_BEAR,2.0,8.0,22,27.3,31.2,1.418
XDCUSDT,HID_BEAR,1.0,6.0,54,25.9,34.72,0.643
LINEAUSDT,HID_BEAR,2.0,9.0,22,22.7,27.2,1.236
COOKUSDT,HID_BEAR,2.0,4.0,59,23.7,8.57,0.145
COOKUSDT,HID_BEAR,2.0,5.0,59,23.7,22.57,0.383
JUPUSDT,REG_BEAR,1.5,4.0,57,26.3,14.99,0.263
COOKUSDT,HID_BEAR,2.0,6.0,59,23.7,36.57,0.62
QNTUSDT,REG_BEAR,2.0,1.5,67,49.3,11.22,0.167
COOKUSDT,HID_BEAR,2.0,7.0,59,23.7,50.57,0.857
XDCUSDT,HID_BEAR,1.5,1.5,54,50.0,7.31,0.135
JUPUSDT,REG_BEAR,1.5,5.0,57,22.8,17.99,0.316
AVAUSDT,REG_BEAR,1.5,5.0,32,21.9,7.81,0.244
JTOUSDT,REG_BEAR,1.0,1.5,65,49.2,10.24,0.158
XDCUSDT,HID_BEAR,1.5,2.0,54,48.1,17.81,0.33
QNTUSDT,REG_BEAR,2.0,2.0,67,41.8,12.72,0.19
COOKUSDT,HID_BEAR,2.0,8.0,59,22.0,55.57,0.942
FUSDT,REG_BULL,1.0,5.0,10,20.0,1.28,0.128
FUSDT,REG_BULL,1.0,6.0,10,20.0,3.28,0.328
COOKUSDT,HID_BEAR,2.0,9.0,58,20.7,59.64,1.028
XDCUSDT,HID_BEAR,1.5,4.0,54,31.5,24.81,0.459
XDCUSDT,HID_BEAR,1.5,5.0,54,22.2,11.81,0.219
QNTUSDT,REG_BEAR,2.0,4.0,67,29.9,28.72,0.429
DYMUSDT,HID_BEAR,1.5,1.5,107,47.7,15.33,0.143
SEIUSDT,REG_BULL,1.0,5.0,60,20.0,7.99,0.133
FUSDT,REG_BULL,2.0,2.0,10,40.0,1.64,0.164
FUSDT,REG_BULL,2.0,3.0,10,40.0,5.64,0.564
QNTUSDT,REG_BEAR,2.0,5.0,67,23.9,24.72,0.369
FUSDT,REG_BULL,2.0,4.0,10,30.0,4.64,0.464
FUSDT,REG_BULL,2.0,5.0,10,20.0,1.64,0.164
JTOUSDT,REG_BEAR,1.0,5.0,65,20.0,8.24,0.127
FUSDT,REG_BULL,2.0,6.0,10,20.0,3.64,0.364
FUSDT,REG_BULL,2.0,7.0,10,20.0,5.64,0.564
FUSDT,REG_BULL,2.0,8.0,10,20.0,7.64,0.764
DYMUSDT,HID_BEAR,1.5,2.0,107,41.1,19.83,0.185
QNTUSDT,REG_BEAR,2.0,6.0,67,22.4,33.72,0.503
FUSDT,REG_BEAR,1.0,1.5,34,58.8,13.29,0.391
FUSDT,REG_BEAR,1.0,2.0,34,52.9,17.29,0.509
DUSKUSDT,HID_BULL,2.0,4.0,152,26.3,41.36,0.272
QNTUSDT,REG_BEAR,2.0,7.0,67,20.9,40.72,0.608
FUSDT,REG_BEAR,1.0,4.0,34,35.3,23.29,0.685
XDCUSDT,HID_BEAR,2.0,1.5,54,53.7,13.86,0.257
FUSDT,REG_BEAR,1.0,5.0,34,29.4,23.29,0.685
XDCUSDT,HID_BEAR,2.0,2.0,54,40.7,7.36,0.136
FUSDT,REG_BEAR,1.0,6.0,34,26.5,26.29,0.773
JUPUSDT,REG_BEAR,2.0,4.0,57,29.8,25.74,0.452
FUSDT,REG_BEAR,1.0,7.0,34,26.5,35.29,1.038
DUSKUSDT,HID_BULL,2.0,5.0,152,21.1,33.36,0.219
FUSDT,REG_BEAR,1.0,8.0,34,26.5,44.29,1.303
JUPUSDT,REG_BEAR,2.0,5.0,57,26.3,30.74,0.539
XDCUSDT,HID_BEAR,2.0,4.0,54,24.1,6.36,0.118
FUSDT,REG_BEAR,1.0,9.0,34,26.5,53.29,1.567
SEIUSDT,REG_BULL,1.5,1.5,60,46.7,7.33,0.122
FUSDT,REG_BEAR,1.0,10.0,34,23.5,51.29,1.509
XDCUSDT,HID_BEAR,2.0,5.0,54,20.4,7.36,0.136
JUPUSDT,REG_BEAR,2.0,6.0,57,21.1,24.74,0.434
FUSDT,REG_BEAR,1.5,1.5,34,58.8,14.19,0.417
JTOUSDT,REG_BEAR,1.5,1.5,65,47.7,9.33,0.144
SEIUSDT,REG_BULL,1.5,2.0,60,41.7,12.33,0.205
FUSDT,REG_BEAR,1.5,2.0,34,47.1,12.19,0.359
FUSDT,REG_BEAR,1.5,3.0,34,41.2,20.19,0.594
JTOUSDT,REG_BEAR,1.5,2.0,65,43.1,15.83,0.244
FUSDT,REG_BEAR,1.5,4.0,34,35.3,24.19,0.712
FUSDT,REG_BEAR,1.5,5.0,34,35.3,36.19,1.065
FUSDT,REG_BEAR,1.5,6.0,34,35.3,48.19,1.417
SEIUSDT,REG_BULL,1.5,4.0,60,28.3,22.33,0.372
GRIFFAINUSDT,REG_BULL,2.0,4.0,17,23.5,2.63,0.155
FUSDT,REG_BEAR,1.5,7.0,34,32.4,52.19,1.535
JTOUSDT,REG_BEAR,1.5,4.0,64,26.6,17.86,0.279
SEIUSDT,REG_BULL,1.5,5.0,60,23.3,21.33,0.355
FUSDT,REG_BEAR,1.5,8.0,34,29.4,54.19,1.594
FUSDT,REG_BEAR,1.5,9.0,34,29.4,64.19,1.888
FUSDT,REG_BEAR,1.5,10.0,33,27.3,64.27,1.948
GRIFFAINUSDT,REG_BEAR,1.0,1.5,38,60.5,17.71,0.466
FUSDT,REG_BEAR,2.0,1.5,34,58.8,14.64,0.431
GRIFFAINUSDT,REG_BEAR,1.0,2.0,38,57.9,26.21,0.69
STORJUSDT,REG_BULL,1.0,5.0,67,20.9,10.61,0.158
FUSDT,REG_BEAR,2.0,2.0,34,58.8,24.64,0.725
GRIFFAINUSDT,REG_BEAR,1.0,3.0,38,52.6,40.21,1.058
FUSDT,REG_BEAR,2.0,3.0,34,50.0,32.64,0.96
GRIFFAINUSDT,REG_BEAR,1.0,4.0,38,47.4,50.21,1.321
FUSDT,REG_BEAR,2.0,4.0,34,50.0,49.64,1.46
STORJUSDT,REG_BULL,1.0,6.0,67,20.9,24.61,0.367
PIXELUSDT,HID_BULL,2.0,5.0,72,20.8,15.43,0.214
GRIFFAINUSDT,REG_BEAR,1.0,5.0,38,39.5,50.21,1.321
FUSDT,REG_BEAR,2.0,5.0,34,47.1,60.64,1.784
CETUSUSDT,REG_BEAR,2.0,1.5,61,49.2,11.52,0.189
FUSDT,REG_BEAR,2.0,6.0,34,44.1,69.64,2.048
GRIFFAINUSDT,REG_BEAR,1.0,6.0,38,34.2,51.21,1.348
STORJUSDT,REG_BULL,1.0,7.0,67,20.9,38.61,0.576
FUSDT,REG_BEAR,2.0,7.0,34,41.2,76.64,2.254
GRIFFAINUSDT,REG_BEAR,1.0,7.0,38,31.6,56.21,1.479
FUSDT,REG_BEAR,2.0,8.0,32,37.5,74.74,2.336
GRIFFAINUSDT,REG_BEAR,1.0,8.0,38,28.9,59.21,1.558
FUSDT,REG_BEAR,2.0,9.0,32,37.5,86.74,2.711
JUPUSDT,HID_BULL,1.0,4.0,84,23.8,9.61,0.114
GRIFFAINUSDT,REG_BEAR,1.0,9.0,38,26.3,60.21,1.584
FUSDT,REG_BEAR,2.0,10.0,32,37.5,98.74,3.086
GRIFFAINUSDT,REG_BEAR,1.0,10.0,38,21.1,48.21,1.269
DYMUSDT,HID_BEAR,2.0,1.5,107,47.7,16.62,0.155
SEIUSDT,REG_BULL,2.0,1.5,60,50.0,13.0,0.217
FUSDT,HID_BULL,1.0,1.5,30,50.0,5.44,0.181
GRIFFAINUSDT,REG_BEAR,1.5,1.5,38,65.8,23.3,0.613
JUPUSDT,HID_BULL,1.0,5.0,84,20.2,11.61,0.138
JTOUSDT,REG_BEAR,2.0,1.5,65,50.8,15.12,0.233
SEIUSDT,REG_BULL,2.0,2.0,60,45.0,19.0,0.317
GRIFFAINUSDT,REG_BEAR,1.5,2.0,38,60.5,29.8,0.784
GRIFFAINUSDT,REG_BEAR,1.5,3.0,38,50.0,36.8,0.969
GRIFFAINUSDT,REG_BEAR,1.5,4.0,38,39.5,35.8,0.942
GRIFFAINUSDT,REG_BEAR,1.5,5.0,38,36.8,44.8,1.179
SEIUSDT,REG_BULL,2.0,4.0,60,28.3,23.0,0.383
GRIFFAINUSDT,REG_BEAR,1.5,6.0,38,36.8,58.8,1.547
GRIFFAINUSDT,REG_BEAR,1.5,7.0,37,27.0,41.81,1.13
JTOUSDT,REG_BEAR,2.0,4.0,64,23.4,8.65,0.135
SEIUSDT,REG_BULL,2.0,5.0,60,23.3,22.0,0.367
GRIFFAINUSDT,REG_BEAR,1.5,8.0,37,21.6,33.81,0.914
GRTUSDT,HID_BULL,1.0,1.5,130,66.2,72.86,0.56
SEIUSDT,REG_BULL,2.0,6.0,60,23.3,36.0,0.6
STORJUSDT,REG_BULL,1.5,4.0,67,23.9,8.74,0.13
GRTUSDT,HID_BULL,1.0,2.0,130,60.8,94.86,0.73
SEIUSDT,REG_BULL,2.0,7.0,60,23.3,50.0,0.833
GRIFFAINUSDT,REG_BEAR,2.0,1.5,38,63.2,21.1,0.555
GRIFFAINUSDT,REG_BEAR,2.0,2.0,38,57.9,27.1,0.713
STORJUSDT,REG_BULL,1.5,5.0,67,22.4,18.74,0.28
SEIUSDT,REG_BULL,2.0,8.0,60,21.7,55.0,0.917
GRTUSDT,HID_BULL,1.0,3.0,130,56.2,149.86,1.153
GRIFFAINUSDT,REG_BEAR,2.0,4.0,38,36.8,31.1,0.818
SEIUSDT,REG_BULL,2.0,9.0,60,21.7,68.0,1.133
GRIFFAINUSDT,REG_BEAR,2.0,5.0,38,28.9,27.1,0.713
GRIFFAINUSDT,REG_BEAR,2.0,6.0,37,21.6,18.11,0.489
GRTUSDT,HID_BULL,1.0,4.0,130,54.6,212.86,1.637
SEIUSDT,REG_BULL,2.0,10.0,60,21.7,81.0,1.35
CETUSUSDT,HID_BULL,1.0,4.0,80,23.8,9.12,0.114
GRTUSDT,HID_BULL,1.0,5.0,130,52.3,265.86,2.045
GRTUSDT,HID_BULL,1.0,6.0,130,50.0,312.86,2.407
SEIUSDT,REG_BEAR,1.0,4.0,62,30.6,27.35,0.441
USELESSUSDT,REG_BEAR,1.0,1.5,13,46.2,1.54,0.119
USELESSUSDT,REG_BEAR,1.0,2.0,13,46.2,4.54,0.349
CHZUSDT,REG_BEAR,1.0,5.0,90,23.3,24.63,0.274
GRTUSDT,HID_BULL,1.0,7.0,130,48.5,361.86,2.784
USELESSUSDT,REG_BEAR,1.0,4.0,13,23.1,1.54,0.119
USELESSUSDT,REG_BEAR,1.0,5.0,13,23.1,4.54,0.349
GRIFFAINUSDT,HID_BULL,1.0,4.0,46,23.9,6.97,0.151
SEIUSDT,REG_BEAR,1.0,5.0,62,29.0,40.35,0.651
GRIFFAINUSDT,HID_BULL,1.0,5.0,46,21.7,11.97,0.26
USELESSUSDT,REG_BEAR,1.5,1.5,13,53.8,4.19,0.323
CHZUSDT,REG_BEAR,1.0,6.0,90,21.1,31.63,0.351
SEIUSDT,REG_BEAR,1.0,6.0,62,25.8,44.35,0.715
USELESSUSDT,REG_BEAR,1.5,2.0,13,46.2,4.69,0.361
GRTUSDT,HID_BULL,1.0,8.0,130,48.5,424.86,3.268
USELESSUSDT,REG_BEAR,1.5,4.0,13,23.1,1.69,0.13
USELESSUSDT,REG_BEAR,1.5,5.0,13,23.1,4.69,0.361
USELESSUSDT,REG_BEAR,1.5,6.0,13,23.1,7.69,0.592
USELESSUSDT,REG_BEAR,1.5,7.0,13,23.1,10.69,0.823
USELESSUSDT,REG_BEAR,1.5,8.0,13,23.1,13.69,1.053
USELESSUSDT,REG_BEAR,1.5,9.0,13,23.1,16.69,1.284
FUSDT,HID_BEAR,1.0,5.0,64,20.3,9.59,0.15
USELESSUSDT,REG_BEAR,2.0,1.5,13,46.2,1.77,0.136
GRTUSDT,HID_BULL,1.0,9.0,130,48.5,487.86,3.753
USELESSUSDT,REG_BEAR,2.0,4.0,13,23.1,1.77,0.136
USELESSUSDT,REG_BEAR,2.0,5.0,13,23.1,4.77,0.367
STORJUSDT,REG_BULL,2.0,4.0,67,28.4,24.8,0.37
USELESSUSDT,REG_BEAR,2.0,6.0,13,23.1,7.77,0.598
USELESSUSDT,REG_BEAR,2.0,7.0,13,23.1,10.77,0.829
GRTUSDT,HID_BULL,1.0,10.0,130,47.7,539.86,4.153
GRTUSDT,HID_BULL,1.5,1.5,130,63.8,69.41,0.534
SEIUSDT,REG_BEAR,1.5,1.5,62,51.6,14.23,0.23
USELESSUSDT,HID_BULL,1.5,2.0,17,41.2,3.57,0.21
EULUSDT,REG_BEAR,1.0,3.0,10,40.0,4.86,0.486
EULUSDT,REG_BEAR,1.0,4.0,10,30.0,3.86,0.386
USELESSUSDT,HID_BULL,1.5,4.0,17,29.4,7.57,0.445
USELESSUSDT,HID_BULL,1.5,5.0,17,23.5,6.57,0.387
SEIUSDT,REG_BEAR,1.5,2.0,62,46.8,21.23,0.342
EULUSDT,REG_BEAR,1.5,2.0,10,40.0,1.24,0.124
GRTUSDT,HID_BULL,1.5,2.0,130,58.5,89.91,0.692
EULUSDT,REG_BEAR,1.5,5.0,10,20.0,1.24,0.124
EULUSDT,REG_BEAR,1.5,6.0,10,20.0,3.24,0.324
EULUSDT,REG_BEAR,1.5,7.0,10,20.0,5.24,0.524
EULUSDT,REG_BEAR,1.5,8.0,10,20.0,7.24,0.724
EULUSDT,REG_BEAR,1.5,9.0,10,20.0,9.24,0.924
EULUSDT,REG_BEAR,1.5,10.0,10,20.0,11.24,1.124
USELESSUSDT,HID_BULL,2.0,4.0,17,23.5,2.68,0.158
EULUSDT,REG_BEAR,2.0,5.0,10,20.0,1.43,0.143
EULUSDT,REG_BEAR,2.0,6.0,10,20.0,3.43,0.343
EULUSDT,REG_BEAR,2.0,7.0,10,20.0,5.43,0.543
SEIUSDT,REG_BEAR,1.5,4.0,62,30.6,29.23,0.471
GRTUSDT,HID_BULL,1.5,3.0,130,54.6,145.91,1.122
EULUSDT,REG_BEAR,2.0,8.0,10,20.0,7.43,0.743
EULUSDT,REG_BEAR,2.0,9.0,10,20.0,9.43,0.943
EULUSDT,REG_BEAR,2.0,10.0,10,20.0,11.43,1.143
SEIUSDT,REG_BEAR,1.5,5.0,62,24.2,24.23,0.391
CHZUSDT,REG_BEAR,1.5,2.0,90,41.1,13.42,0.149
PIXELUSDT,HID_BEAR,1.5,4.0,97,25.8,23.09,0.238
GRTUSDT,HID_BULL,1.5,4.0,130,50.8,191.91,1.476
SEIUSDT,REG_BEAR,1.5,6.0,62,24.2,39.23,0.633
1000BTTUSDT,HID_BULL,1.5,5.0,79,21.5,14.58,0.185
EULUSDT,HID_BEAR,1.0,1.5,16,68.8,9.95,0.622
EULUSDT,HID_BEAR,1.0,2.0,16,56.2,9.45,0.591
EULUSDT,HID_BEAR,1.0,3.0,16,50.0,14.45,0.903
SEIUSDT,REG_BEAR,1.5,7.0,62,22.6,46.23,0.746
EULUSDT,HID_BEAR,1.0,4.0,16,50.0,22.45,1.403
PIXELUSDT,HID_BEAR,1.5,5.0,97,22.7,30.09,0.31
EULUSDT,HID_BEAR,1.0,5.0,16,50.0,30.45,1.903
GRTUSDT,HID_BULL,1.5,5.0,130,49.2,245.91,1.892
EULUSDT,HID_BEAR,1.0,6.0,16,50.0,38.45,2.403
EULUSDT,HID_BEAR,1.0,7.0,16,43.8,38.45,2.403
EULUSDT,HID_BEAR,1.0,8.0,16,37.5,36.45,2.278
1000BTTUSDT,HID_BULL,1.5,6.0,79,20.3,24.58,0.311
EULUSDT,HID_BEAR,1.0,9.0,16,31.2,32.45,2.028
EULUSDT,HID_BEAR,1.0,10.0,16,31.2,37.45,2.341
EULUSDT,HID_BEAR,1.5,1.5,16,75.0,12.97,0.811
EULUSDT,HID_BEAR,1.5,2.0,16,75.0,18.97,1.186
CHZUSDT,REG_BEAR,1.5,4.0,90,27.8,27.42,0.305
BIGTIMEUSDT,REG_BEAR,1.0,4.0,51,25.5,9.53,0.187
EULUSDT,HID_BEAR,1.5,3.0,16,68.8,26.97,1.686
PIXELUSDT,HID_BEAR,1.5,6.0,97,20.6,38.09,0.393
EULUSDT,HID_BEAR,1.5,4.0,16,68.8,37.97,2.373
GRTUSDT,HID_BULL,1.5,6.0,130,49.2,309.91,2.384
EULUSDT,HID_BEAR,1.5,5.0,16,56.2,36.97,2.311
EULUSDT,HID_BEAR,1.5,6.0,16,50.0,38.97,2.436
EULUSDT,HID_BEAR,1.5,7.0,16,50.0,46.97,2.936
EULUSDT,HID_BEAR,1.5,8.0,16,43.8,45.97,2.873
BIGTIMEUSDT,REG_BEAR,1.0,5.0,51,23.5,16.53,0.324
PHBUSDT,HID_BEAR,1.0,5.0,143,20.3,19.54,0.137
EULUSDT,HID_BEAR,1.5,9.0,16,43.8,52.97,3.311
EULUSDT,HID_BEAR,1.5,10.0,16,43.8,59.97,3.748
USELESSUSDT,HID_BEAR,1.5,4.0,30,23.3,4.24,0.141
EULUSDT,HID_BEAR,2.0,1.5,16,81.2,15.73,0.983
EULUSDT,HID_BEAR,2.0,2.0,16,75.0,19.23,1.202
CHZUSDT,REG_BEAR,1.5,5.0,90,22.2,22.42,0.249
USELESSUSDT,HID_BEAR,1.5,5.0,30,23.3,11.24,0.375
EULUSDT,HID_BEAR,2.0,3.0,16,75.0,31.23,1.952
BIGTIMEUSDT,REG_BEAR,1.0,6.0,51,23.5,28.53,0.559
EULUSDT,HID_BEAR,2.0,4.0,16,62.5,33.23,2.077
GRTUSDT,HID_BULL,1.5,7.0,130,47.7,357.91,2.753
EULUSDT,HID_BEAR,2.0,5.0,16,56.2,37.23,2.327
EULUSDT,HID_BEAR,2.0,6.0,16,50.0,39.23,2.452
EULUSDT,HID_BEAR,2.0,7.0,16,50.0,47.23,2.952
EULUSDT,HID_BEAR,2.0,8.0,16,50.0,55.23,3.452
SEIUSDT,REG_BEAR,2.0,1.5,62,54.8,20.17,0.325
EULUSDT,HID_BEAR,2.0,9.0,16,50.0,63.23,3.952
EULUSDT,HID_BEAR,2.0,10.0,16,50.0,71.23,4.452
STORJUSDT,REG_BEAR,1.0,5.0,74,24.3,24.98,0.338
CHZUSDT,REG_BEAR,1.5,6.0,90,20.0,28.42,0.316
GRTUSDT,HID_BULL,1.5,8.0,130,46.9,410.91,3.161
SEIUSDT,REG_BEAR,2.0,2.0,62,46.8,22.17,0.358
STORJUSDT,REG_BEAR,1.0,6.0,74,21.6,28.98,0.392
GRTUSDT,HID_BULL,1.5,9.0,130,46.9,471.91,3.63
USELESSUSDT,HID_BEAR,2.0,4.0,29,27.6,10.46,0.361
GRIFFAINUSDT,HID_BEAR,1.0,1.5,70,47.1,9.11,0.13
SEIUSDT,REG_BEAR,2.0,4.0,62,29.0,25.17,0.406
FUSDT,HID_BEAR,2.0,4.0,64,28.1,23.8,0.372
GRIFFAINUSDT,HID_BEAR,1.0,2.0,70,44.3,19.61,0.28
SEIUSDT,REG_BEAR,2.0,5.0,62,25.8,31.17,0.503
GRTUSDT,HID_BULL,1.5,10.0,130,46.9,532.91,4.099
FUSDT,HID_BEAR,2.0,5.0,64,21.9,17.8,0.278
BIGTIMEUSDT,REG_BEAR,1.5,4.0,51,27.5,16.02,0.314
GRTUSDT,HID_BULL,2.0,1.5,130,59.2,56.43,0.434
GRIFFAINUSDT,HID_BEAR,1.0,5.0,70,21.4,16.61,0.237
GRTUSDT,HID_BULL,2.0,2.0,130,56.9,85.93,0.661
1000BTTUSDT,HID_BULL,2.0,4.0,79,24.1,9.69,0.123
AVLUSDT,REG_BULL,1.0,1.5,19,47.4,2.43,0.128
AVLUSDT,REG_BULL,1.0,4.0,19,26.3,4.93,0.26
AVLUSDT,REG_BULL,1.0,5.0,19,21.1,3.93,0.207
1000BTTUSDT,HID_BULL,2.0,5.0,79,22.8,22.69,0.287
CHZUSDT,REG_BEAR,2.0,1.5,90,48.9,14.31,0.159
AVLUSDT,REG_BULL,1.0,6.0,19,21.1,7.93,0.417
GRTUSDT,HID_BULL,2.0,3.0,130,50.8,127.93,0.984
AVLUSDT,REG_BULL,1.0,7.0,19,21.1,11.93,0.628
JSTUSDT,HID_BULL,1.5,5.0,127,21.3,17.28,0.136
AVLUSDT,REG_BULL,1.0,8.0,19,21.1,15.93,0.838
AVLUSDT,REG_BULL,1.0,9.0,19,21.1,19.93,1.049
AVLUSDT,REG_BULL,1.0,10.0,19,21.1,23.93,1.26
CHZUSDT,REG_BEAR,2.0,2.0,90,42.2,18.31,0.203
GRTUSDT,HID_BULL,2.0,4.0,130,49.2,183.93,1.415
PIXELUSDT,HID_BEAR,2.0,4.0,97,25.8,24.32,0.251
AVLUSDT,REG_BULL,1.5,4.0,19,31.6,10.29,0.541
LDOUSDT,REG_BULL,1.0,5.0,90,22.2,22.91,0.255
AVLUSDT,REG_BULL,1.5,5.0,19,31.6,16.29,0.857
MYXUSDT,HID_BULL,1.5,4.0,21,23.8,3.36,0.16
MYXUSDT,HID_BULL,1.5,5.0,21,23.8,8.36,0.398
AVLUSDT,REG_BULL,1.5,6.0,19,31.6,22.29,1.173
BIGTIMEUSDT,REG_BEAR,2.0,1.5,51,49.0,9.27,0.182
HUMAUSDT,REG_BULL,1.0,2.0,20,40.0,2.46,0.123
MYXUSDT,HID_BULL,1.5,6.0,21,23.8,13.36,0.636
AVLUSDT,REG_BULL,1.5,7.0,19,31.6,28.29,1.489
STORJUSDT,REG_BEAR,1.5,4.0,74,28.4,24.99,0.338
MYXUSDT,HID_BULL,1.5,7.0,21,23.8,18.36,0.874
GRTUSDT,HID_BULL,2.0,5.0,130,48.5,241.93,1.861
PIXELUSDT,HID_BEAR,2.0,5.0,97,22.7,31.32,0.323
AVLUSDT,REG_BULL,1.5,8.0,19,26.3,25.29,1.331
MYXUSDT,HID_BULL,1.5,8.0,21,23.8,23.36,1.113
USUALUSDT,REG_BULL,1.0,1.5,18,55.6,5.85,0.325
AVLUSDT,REG_BULL,1.5,9.0,19,26.3,30.29,1.594
MYXUSDT,HID_BULL,1.5,9.0,21,23.8,28.36,1.351
BIGTIMEUSDT,REG_BEAR,2.0,2.0,51,43.1,12.77,0.25
USUALUSDT,REG_BULL,1.0,2.0,18,50.0,7.85,0.436
AVLUSDT,REG_BULL,1.5,10.0,19,26.3,35.29,1.857
LDOUSDT,REG_BULL,1.0,6.0,90,21.1,35.91,0.399
USUALUSDT,REG_BULL,1.0,3.0,18,44.4,12.85,0.714
GRIFFAINUSDT,HID_BEAR,1.5,1.5,70,51.4,17.74,0.253
USUALUSDT,REG_BULL,1.0,4.0,18,44.4,20.85,1.159
STORJUSDT,REG_BEAR,1.5,5.0,74,21.6,15.99,0.216
USUALUSDT,REG_BULL,1.0,5.0,18,27.8,10.85,0.603
MYXUSDT,HID_BULL,2.0,4.0,21,28.6,8.52,0.406
GRTUSDT,HID_BULL,2.0,6.0,130,46.9,290.93,2.238
USUALUSDT,REG_BULL,1.0,6.0,18,22.2,8.85,0.492
AVLUSDT,REG_BULL,2.0,4.0,19,31.6,10.47,0.551
CHZUSDT,REG_BEAR,2.0,4.0,90,33.3,54.31,0.603
PIXELUSDT,HID_BEAR,2.0,6.0,97,21.6,46.32,0.478
MYXUSDT,HID_BULL,2.0,5.0,21,28.6,14.52,0.692
AVLUSDT,REG_BULL,2.0,5.0,19,31.6,16.47,0.867
MYXUSDT,HID_BULL,2.0,6.0,21,28.6,20.52,0.977
BIGTIMEUSDT,REG_BEAR,2.0,4.0,50,30.0,22.79,0.456
ATUSDT,HID_BEAR,1.5,5.0,10,20.0,1.63,0.163
AVLUSDT,REG_BULL,2.0,6.0,19,26.3,15.47,0.814
MYXUSDT,HID_BULL,2.0,7.0,21,28.6,26.52,1.263
ATUSDT,HID_BEAR,1.5,6.0,10,20.0,3.63,0.363
ATUSDT,HID_BEAR,1.5,7.0,10,20.0,5.63,0.563
MYXUSDT,HID_BULL,2.0,8.0,20,20.0,15.53,0.776
AVLUSDT,REG_BULL,2.0,7.0,19,26.3,20.47,1.077
AVLUSDT,REG_BULL,2.0,8.0,19,26.3,25.47,1.34
USUALUSDT,REG_BULL,1.5,1.5,18,55.6,6.24,0.346
BIGTIMEUSDT,REG_BEAR,2.0,5.0,50,28.0,31.79,0.636
AVLUSDT,REG_BULL,2.0,9.0,19,26.3,30.47,1.603
ATUSDT,HID_BEAR,2.0,5.0,10,20.0,1.73,0.173
USUALUSDT,REG_BULL,1.5,2.0,18,50.0,8.24,0.458
GRTUSDT,HID_BULL,2.0,7.0,130,46.9,351.93,2.707
MYXUSDT,HID_BEAR,1.0,1.5,23,47.8,3.43,0.149
PIXELUSDT,HID_BEAR,2.0,7.0,97,20.6,59.32,0.612
AVLUSDT,REG_BULL,2.0,10.0,19,26.3,35.47,1.867
CHZUSDT,REG_BEAR,2.0,5.0,90,28.9,60.31,0.67
MYXUSDT,HID_BEAR,1.0,2.0,23,43.5,5.93,0.258
AVLUSDT,REG_BEAR,1.0,1.5,25,56.0,8.04,0.322
BIGTIMEUSDT,REG_BEAR,2.0,6.0,50,24.0,31.79,0.636
MYXUSDT,HID_BEAR,1.0,4.0,23,30.4,10.93,0.475
AVLUSDT,REG_BEAR,1.0,2.0,25,40.0,3.04,0.122
HUMAUSDT,REG_BULL,2.0,1.5,20,55.0,6.73,0.337
MYXUSDT,HID_BEAR,1.0,5.0,23,21.7,5.93,0.258
BIGTIMEUSDT,REG_BEAR,2.0,7.0,50,24.0,43.79,0.876
CETUSUSDT,HID_BEAR,1.0,1.5,122,50.8,23.95,0.196
GRTUSDT,HID_BULL,2.0,8.0,130,45.4,394.93,3.038
CHZUSDT,REG_BEAR,2.0,6.0,90,24.4,58.31,0.648
HUMAUSDT,REG_BULL,2.0,4.0,20,25.0,4.23,0.212
DOGEUSDT,REG_BULL,1.0,5.0,75,21.3,13.13,0.175
HUMAUSDT,REG_BULL,2.0,5.0,20,20.0,3.23,0.162
BIGTIMEUSDT,REG_BEAR,2.0,8.0,50,20.0,37.79,0.756
USUALUSDT,REG_BULL,2.0,1.5,18,50.0,3.93,0.218
USUALUSDT,REG_BULL,2.0,2.0,18,44.4,5.43,0.301
MYXUSDT,HID_BEAR,1.5,1.5,23,52.2,6.28,0.273
GRTUSDT,HID_BULL,2.0,9.0,130,45.4,453.93,3.492
MYXUSDT,HID_BEAR,1.5,2.0,23,43.5,6.28,0.273
CHZUSDT,REG_BEAR,2.0,7.0,90,23.3,72.31,0.803
CETUSUSDT,HID_BEAR,1.0,2.0,122,42.6,24.95,0.204
HUMAUSDT,REG_BEAR,1.0,1.5,16,68.8,10.12,0.632
HUMAUSDT,REG_BEAR,1.0,2.0,16,68.8,15.62,0.976
MYXUSDT,HID_BEAR,1.5,4.0,23,26.1,6.28,0.273
HUMAUSDT,REG_BEAR,1.0,3.0,16,56.2,18.62,1.164
HUMAUSDT,REG_BEAR,1.0,4.0,16,50.0,22.62,1.414
HUMAUSDT,REG_BEAR,1.0,5.0,16,37.5,18.62,1.164
HUMAUSDT,REG_BEAR,1.0,6.0,16,37.5,24.62,1.539
GRTUSDT,HID_BULL,2.0,10.0,130,45.4,512.93,3.946
HUMAUSDT,REG_BEAR,1.0,7.0,16,25.0,14.62,0.914
CHZUSDT,REG_BEAR,2.0,8.0,90,21.1,75.31,0.837
BLASTUSDT,REG_BULL,1.0,4.0,20,25.0,3.36,0.168
HUMAUSDT,REG_BEAR,1.0,8.0,16,25.0,18.62,1.164
BLASTUSDT,REG_BULL,1.0,5.0,20,20.0,2.36,0.118
HUMAUSDT,REG_BEAR,1.0,9.0,16,25.0,22.62,1.414
HUMAUSDT,REG_BEAR,1.0,10.0,16,25.0,26.62,1.664
BLASTUSDT,REG_BULL,1.0,6.0,20,20.0,6.36,0.318
HUMAUSDT,REG_BEAR,1.5,1.5,16,62.5,8.08,0.505
MYXUSDT,HID_BEAR,2.0,1.5,23,56.5,8.96,0.39
HUMAUSDT,REG_BEAR,1.5,2.0,16,56.2,10.08,0.63
BLASTUSDT,REG_BULL,1.0,7.0,20,20.0,10.36,0.518
MYXUSDT,HID_BEAR,2.0,2.0,23,52.2,12.46,0.542
BLASTUSDT,REG_BULL,1.0,8.0,20,20.0,14.36,0.718
HUMAUSDT,REG_BEAR,1.5,4.0,16,37.5,13.08,0.817
CHZUSDT,REG_BEAR,2.0,9.0,90,20.0,84.31,0.937
HUMAUSDT,REG_BEAR,1.5,5.0,16,25.0,7.08,0.442
HUMAUSDT,REG_BEAR,1.5,6.0,16,25.0,11.08,0.692
HUMAUSDT,REG_BEAR,1.5,7.0,16,25.0,15.08,0.942
USUALUSDT,REG_BEAR,1.0,4.0,44,29.5,17.74,0.403
CETUSUSDT,HID_BEAR,1.0,4.0,122,25.4,23.95,0.196
HUMAUSDT,REG_BEAR,2.0,1.5,16,62.5,8.31,0.519
USUALUSDT,REG_BEAR,1.0,5.0,44,25.0,18.74,0.426
HUMAUSDT,REG_BEAR,2.0,2.0,16,56.2,10.31,0.644
BLASTUSDT,REG_BULL,1.5,4.0,20,25.0,3.91,0.195
HUMAUSDT,REG_BEAR,2.0,3.0,16,43.8,11.31,0.707
HUMAUSDT,REG_BEAR,2.0,4.0,16,31.2,8.31,0.519
BLASTUSDT,REG_BULL,1.5,5.0,20,25.0,8.91,0.445
USUALUSDT,REG_BEAR,1.0,6.0,44,22.7,22.74,0.517
HUMAUSDT,REG_BEAR,2.0,5.0,16,25.0,7.31,0.457
BLASTUSDT,REG_BULL,1.5,6.0,20,20.0,6.91,0.345
BIGTIMEUSDT,HID_BULL,1.0,4.0,75,24.0,9.72,0.13
1000BTTUSDT,HID_BEAR,1.0,4.0,130,27.7,25.45,0.196
USUALUSDT,REG_BEAR,1.0,7.0,44,22.7,32.74,0.744
USUALUSDT,REG_BEAR,1.0,8.0,44,22.7,42.74,0.971
LDOUSDT,REG_BULL,1.5,4.0,90,25.6,20.27,0.225
SKLUSDT,REG_BEAR,2.0,5.0,92,20.7,17.4,0.189
1000BTTUSDT,HID_BEAR,1.0,5.0,130,26.2,49.45,0.38
BLASTUSDT,REG_BULL,2.0,4.0,20,25.0,4.18,0.209
LDOUSDT,REG_BULL,1.5,5.0,90,21.1,19.27,0.214
USUALUSDT,REG_BEAR,1.5,1.5,44,54.5,13.83,0.314
USUALUSDT,REG_BEAR,1.5,2.0,44,47.7,16.83,0.382
USUALUSDT,REG_BEAR,1.5,3.0,44,43.2,29.83,0.678
HUMAUSDT,HID_BULL,1.5,1.5,25,52.0,6.05,0.242
HUMAUSDT,HID_BULL,1.5,2.0,25,52.0,12.55,0.502
1000BTTUSDT,HID_BEAR,1.0,6.0,130,21.5,41.45,0.319
USUALUSDT,REG_BEAR,1.5,4.0,44,34.1,28.83,0.655
DOGEUSDT,REG_BULL,1.5,4.0,75,24.0,9.75,0.13
HUMAUSDT,HID_BULL,1.5,4.0,25,28.0,8.55,0.342
USUALUSDT,REG_BEAR,1.5,5.0,44,31.8,37.83,0.86
HUMAUSDT,HID_BULL,1.5,5.0,25,20.0,3.55,0.142
KAITOUSDT,REG_BULL,1.0,1.5,15,53.3,3.66,0.244
KAITOUSDT,REG_BULL,1.0,2.0,15,46.7,4.66,0.311
USUALUSDT,REG_BEAR,1.5,6.0,44,27.3,37.83,0.86
DOGEUSDT,REG_BULL,1.5,5.0,75,21.3,15.75,0.21
USUALUSDT,REG_BEAR,1.5,7.0,44,25.0,41.83,0.951
JTOUSDT,HID_BEAR,1.0,2.0,120,40.0,15.19,0.127
JSTUSDT,HID_BULL,2.0,5.0,127,20.5,15.71,0.124
HUMAUSDT,HID_BULL,2.0,1.5,25,52.0,6.41,0.257
USUALUSDT,REG_BEAR,1.5,8.0,44,22.7,43.83,0.996
KAITOUSDT,REG_BULL,1.5,1.5,15,46.7,1.61,0.107
USUALUSDT,REG_BEAR,1.5,9.0,44,20.5,43.83,0.996
SEIUSDT,HID_BULL,1.5,5.0,90,20.0,13.28,0.148
KAITOUSDT,REG_BULL,1.5,5.0,15,20.0,2.11,0.14
USUALUSDT,REG_BEAR,1.5,10.0,44,20.5,52.83,1.201
USUALUSDT,REG_BEAR,2.0,1.5,44,52.3,11.87,0.27
DUSKUSDT,HID_BEAR,2.0,5.0,141,21.3,32.82,0.233
USUALUSDT,REG_BEAR,2.0,2.0,44,50.0,20.37,0.463
KAITOUSDT,REG_BULL,2.0,4.0,15,26.7,4.33,0.289
KAITOUSDT,REG_BULL,2.0,5.0,15,20.0,2.33,0.155
BTCUSDT,REG_BULL,1.0,4.0,66,27.3,8.49,0.129
JTOUSDT,HID_BEAR,1.0,4.0,120,25.8,26.19,0.218
USUALUSDT,REG_BEAR,2.0,4.0,44,36.4,34.37,0.781
BTCUSDT,REG_BULL,1.0,5.0,66,22.7,8.49,0.129
USUALUSDT,REG_BEAR,2.0,5.0,44,31.8,38.37,0.872
CETUSUSDT,HID_BEAR,1.5,1.5,122,47.5,16.97,0.139
KAITOUSDT,REG_BEAR,1.0,4.0,28,28.6,9.7,0.347
USUALUSDT,REG_BEAR,2.0,6.0,44,27.3,38.37,0.872
BIGTIMEUSDT,HID_BULL,1.5,4.0,75,24.0,11.48,0.153
BTCUSDT,REG_BULL,1.0,6.0,66,21.2,16.49,0.25
KAITOUSDT,REG_BEAR,1.0,5.0,28,28.6,17.7,0.632
JTOUSDT,HID_BEAR,1.0,5.0,120,20.0,15.19,0.127
USUALUSDT,REG_BEAR,2.0,7.0,44,25.0,42.37,0.963
KAITOUSDT,REG_BEAR,1.0,6.0,28,28.6,25.7,0.918
KAITOUSDT,REG_BEAR,1.0,7.0,28,28.6,33.7,1.204
USUALUSDT,REG_BEAR,2.0,8.0,44,22.7,44.37,1.008
BIGTIMEUSDT,HID_BULL,1.5,5.0,75,20.0,11.48,0.153
KAITOUSDT,REG_BEAR,1.0,8.0,28,21.4,23.7,0.847
AVLUSDT,HID_BEAR,1.0,4.0,52,30.8,24.07,0.463
CETUSUSDT,HID_BEAR,1.5,2.0,122,41.8,24.97,0.205
AVLUSDT,HID_BEAR,1.0,5.0,52,30.8,40.07,0.771
AVLUSDT,HID_BEAR,1.0,6.0,51,29.4,50.27,0.986
HUMAUSDT,HID_BEAR,1.5,4.0,33,33.3,20.23,0.613
AVLUSDT,HID_BEAR,1.0,7.0,51,27.5,57.27,1.123
HUMAUSDT,HID_BEAR,1.5,5.0,33,27.3,19.23,0.583
KAITOUSDT,REG_BEAR,1.5,4.0,28,32.1,15.47,0.552
HUMAUSDT,HID_BEAR,1.5,6.0,33,24.2,21.23,0.643
KAITOUSDT,REG_BEAR,1.5,5.0,28,32.1,24.47,0.874
AVLUSDT,HID_BEAR,1.0,8.0,51,27.5,71.27,1.397
HUMAUSDT,HID_BEAR,1.5,7.0,33,21.2,21.23,0.643
AVLUSDT,HID_BEAR,1.0,9.0,51,27.5,85.27,1.672
1000BTTUSDT,HID_BEAR,1.5,2.0,130,41.5,15.63,0.12
CETUSUSDT,HID_BEAR,1.5,4.0,122,27.0,36.97,0.303
AVLUSDT,HID_BEAR,1.0,10.0,51,27.5,99.27,1.946
ETCUSDT,HID_BEAR,2.0,4.0,131,23.7,14.47,0.11
AVLUSDT,HID_BEAR,1.5,1.5,52,51.9,12.88,0.248
KAITOUSDT,REG_BEAR,2.0,1.5,28,46.4,3.35,0.12
SKLUSDT,HID_BULL,1.0,4.0,126,27.8,37.45,0.297
KAITOUSDT,REG_BEAR,2.0,2.0,28,42.9,6.85,0.245
AVLUSDT,HID_BEAR,1.5,2.0,52,44.2,14.38,0.277
BTCUSDT,REG_BULL,1.5,2.0,66,42.4,7.66,0.116
HUMAUSDT,HID_BEAR,2.0,4.0,33,27.3,10.67,0.323
KAITOUSDT,REG_BEAR,2.0,4.0,28,28.6,10.85,0.388
CETUSUSDT,HID_BEAR,1.5,5.0,122,20.5,21.97,0.18
HUMAUSDT,HID_BEAR,2.0,5.0,33,27.3,19.67,0.596
HUMAUSDT,HID_BEAR,2.0,6.0,33,21.2,14.67,0.445
AVLUSDT,HID_BEAR,1.5,4.0,51,31.4,26.51,0.52
SKLUSDT,HID_BULL,1.0,5.0,126,21.4,24.45,0.194
AVLUSDT,HID_BEAR,1.5,5.0,51,29.4,36.51,0.716
1000BTTUSDT,HID_BEAR,1.5,4.0,130,27.7,33.63,0.259
AVLUSDT,HID_BEAR,1.5,6.0,51,29.4,51.51,1.01
AVLUSDT,HID_BEAR,1.5,7.0,51,27.5,58.51,1.147
SOLUSDT,REG_BULL,1.0,1.5,77,51.9,14.33,0.186
PAXGUSDT,REG_BULL,1.5,5.0,54,29.6,18.44,0.341
KAITOUSDT,HID_BULL,1.0,4.0,21,28.6,7.6,0.362
AVLUSDT,HID_BEAR,1.5,8.0,51,23.5,54.51,1.069
KAITOUSDT,HID_BULL,1.0,5.0,21,23.8,7.6,0.362
PAXGUSDT,REG_BULL,1.5,6.0,54,24.1,13.44,0.249
1000BTTUSDT,HID_BEAR,1.5,5.0,129,24.0,40.86,0.317
AVLUSDT,HID_BEAR,1.5,9.0,51,23.5,66.51,1.304
SOLUSDT,REG_BULL,1.0,2.0,77,44.2,16.33,0.212
JTOUSDT,HID_BEAR,1.5,1.5,120,52.5,31.63,0.264
AVLUSDT,HID_BEAR,1.5,10.0,51,21.6,67.51,1.324
PAXGUSDT,REG_BULL,1.5,7.0,54,22.2,18.44,0.341
AVLUSDT,HID_BEAR,2.0,1.5,52,53.8,16.04,0.308
PAXGUSDT,REG_BULL,1.5,8.0,54,22.2,30.44,0.564
BIGTIMEUSDT,HID_BULL,2.0,5.0,75,20.0,12.36,0.165
JTOUSDT,HID_BEAR,1.5,2.0,120,40.8,21.13,0.176
1000BTTUSDT,HID_BEAR,1.5,6.0,129,21.7,50.86,0.394
AVLUSDT,HID_BEAR,2.0,2.0,52,46.2,18.04,0.347
LDOUSDT,REG_BEAR,1.0,1.5,77,50.6,13.36,0.173
SOLUSDT,REG_BULL,1.0,4.0,77,28.6,24.33,0.316
PAXGUSDT,REG_BULL,1.5,9.0,54,22.2,42.44,0.786
PAXGUSDT,REG_BULL,1.5,10.0,54,20.4,43.44,0.804
AVLUSDT,HID_BEAR,2.0,4.0,50,36.0,38.18,0.764
LDOUSDT,REG_BEAR,1.0,2.0,77,44.2,17.86,0.232
SOLUSDT,REG_BULL,1.0,5.0,77,26.0,34.33,0.446
AVLUSDT,HID_BEAR,2.0,5.0,50,32.0,44.18,0.884
1000BTTUSDT,HID_BEAR,1.5,7.0,129,21.7,78.86,0.611
AVLUSDT,HID_BEAR,2.0,6.0,50,26.0,39.18,0.784
SOLUSDT,REG_BULL,1.0,6.0,77,23.4,40.33,0.524
AVLUSDT,HID_BEAR,2.0,7.0,50,24.0,44.18,0.884
AVLUSDT,HID_BEAR,2.0,8.0,49,22.4,48.21,0.984
SOLUSDT,REG_BULL,1.0,7.0,77,20.8,42.33,0.55
PAXGUSDT,REG_BULL,2.0,4.0,54,37.0,28.33,0.525
CETUSUSDT,HID_BEAR,2.0,1.5,122,50.8,28.47,0.233
KAITOUSDT,HID_BEAR,1.0,1.5,42,52.4,9.64,0.23
SEIUSDT,HID_BEAR,1.0,1.5,136,48.5,16.99,0.125
LDOUSDT,REG_BEAR,1.0,5.0,77,20.8,11.86,0.154
JTOUSDT,HID_BEAR,1.5,5.0,120,20.8,24.13,0.201
PAXGUSDT,REG_BULL,2.0,5.0,54,27.8,18.33,0.339
KAITOUSDT,HID_BEAR,1.0,2.0,42,42.9,8.64,0.206
INITUSDT,REG_BEAR,1.5,4.0,26,23.1,2.86,0.11
PAXGUSDT,REG_BULL,2.0,6.0,54,27.8,33.33,0.617
CETUSUSDT,HID_BEAR,2.0,2.0,122,42.6,29.47,0.242
SEIUSDT,HID_BEAR,1.0,2.0,136,41.2,19.99,0.147
PAXGUSDT,REG_BULL,2.0,7.0,54,27.8,48.33,0.895
PAXGUSDT,REG_BULL,2.0,8.0,54,24.1,45.33,0.839
SOLUSDT,REG_BULL,1.5,1.5,77,48.1,9.72,0.126
PAXGUSDT,REG_BULL,2.0,9.0,54,20.4,38.33,0.71
KAITOUSDT,HID_BEAR,1.5,1.5,42,47.6,5.76,0.137
CETUSUSDT,HID_BEAR,2.0,4.0,122,32.8,73.47,0.602
SYSUSDT,REG_BEAR,1.0,4.0,42,28.6,14.08,0.335
SEIUSDT,HID_BEAR,1.0,4.0,136,26.5,31.99,0.235
SYSUSDT,REG_BEAR,1.0,5.0,42,26.2,20.08,0.478
SYSUSDT,REG_BEAR,1.0,6.0,42,23.8,24.08,0.573
1000BTTUSDT,HID_BEAR,2.0,2.0,130,43.1,25.73,0.198
CETUSUSDT,HID_BEAR,2.0,5.0,121,28.1,78.52,0.649
SYSUSDT,REG_BEAR,1.0,7.0,42,23.8,34.08,0.811
SOLUSDT,REG_BULL,1.5,4.0,77,31.2,37.22,0.483
SYSUSDT,REG_BEAR,1.0,8.0,42,23.8,44.08,1.049
SEIUSDT,HID_BEAR,1.0,5.0,136,22.8,37.99,0.279
SKLUSDT,HID_BULL,1.5,4.0,126,23.8,16.3,0.129
SYSUSDT,REG_BEAR,1.0,9.0,42,21.4,44.08,1.049
SOLUSDT,REG_BULL,1.5,5.0,77,26.0,37.22,0.483
CETUSUSDT,HID_BEAR,2.0,6.0,121,24.0,77.52,0.641
SOLUSDT,REG_BULL,1.5,6.0,77,20.8,29.22,0.379
KAITOUSDT,HID_BEAR,2.0,1.5,42,47.6,6.32,0.151
SKLUSDT,HID_BULL,1.5,5.0,126,21.4,28.3,0.225
CETUSUSDT,HID_BEAR,2.0,7.0,121,20.7,74.52,0.616
JTOUSDT,HID_BEAR,2.0,1.5,120,47.5,18.1,0.151
1000BTTUSDT,HID_BEAR,2.0,4.0,129,27.9,38.9,0.302
SYSUSDT,REG_BEAR,1.5,4.0,42,23.8,5.38,0.128
INITUSDT,HID_BULL,2.0,1.5,24,45.8,2.66,0.111
SYSUSDT,REG_BEAR,1.5,5.0,42,23.8,15.38,0.366
SYSUSDT,REG_BEAR,1.5,6.0,42,21.4,18.38,0.438
JTOUSDT,HID_BEAR,2.0,2.0,120,40.0,19.6,0.163
USUALUSDT,HID_BEAR,1.5,1.5,71,46.5,8.3,0.117
1000BTTUSDT,HID_BEAR,2.0,5.0,129,24.8,50.9,0.395
USUALUSDT,HID_BEAR,1.5,2.0,71,42.3,15.8,0.223
1000BTTUSDT,HID_BEAR,2.0,6.0,129,21.7,54.9,0.426
USUALUSDT,HID_BEAR,1.5,4.0,71,23.9,10.8,0.152
INITUSDT,HID_BEAR,1.0,4.0,45,24.4,6.85,0.152
JTOUSDT,HID_BEAR,2.0,4.0,120,25.0,25.6,0.213
ATOMUSDT,HID_BEAR,2.0,5.0,154,20.8,27.97,0.182
INITUSDT,HID_BEAR,1.0,5.0,45,24.4,17.85,0.397
USUALUSDT,HID_BEAR,1.5,5.0,71,21.1,15.8,0.223
SOLUSDT,REG_BULL,2.0,2.0,77,40.3,11.66,0.151
INITUSDT,HID_BEAR,1.0,6.0,45,22.2,21.85,0.485
SYSUSDT,REG_BEAR,2.0,4.0,42,23.8,6.04,0.144
1000BTTUSDT,HID_BEAR,2.0,7.0,129,20.2,66.9,0.519
HUSDT,REG_BULL,2.0,1.5,14,50.0,3.18,0.227
HUSDT,REG_BULL,2.0,2.0,14,50.0,6.68,0.477
INITUSDT,HID_BEAR,1.0,7.0,45,22.2,31.85,0.708
HUSDT,REG_BULL,2.0,4.0,13,38.5,11.69,0.899
HUSDT,REG_BULL,2.0,5.0,13,38.5,16.69,1.284
JTOUSDT,HID_BEAR,2.0,5.0,120,21.7,31.6,0.263
1000LUNCUSDT,REG_BULL,1.0,5.0,64,20.3,7.6,0.119
HUSDT,REG_BULL,2.0,6.0,13,38.5,21.69,1.669
HUSDT,REG_BULL,2.0,7.0,13,38.5,26.69,2.053
HUSDT,REG_BULL,2.0,8.0,13,38.5,31.69,2.438
HUSDT,REG_BULL,2.0,9.0,13,23.1,16.69,1.284
1000LUNCUSDT,REG_BULL,1.0,6.0,64,20.3,20.6,0.322
SOLUSDT,REG_BULL,2.0,4.0,77,28.6,28.66,0.372
